case_id,old_object_type,new_object_type,note
120979552_1773155691300000,curb_like,hard_curb,请核对：路边车位开口→parking_curb，否则→hard_curb
120979552_1773155694700000,curb_like,hard_curb,请核对：路边车位开口→parking_curb，否则→hard_curb
120979870_1773156015000000,curb_like,hard_curb,请核对：路边车位开口→parking_curb，否则→hard_curb
120986093_1773162352600000,curb_like,hard_curb,请核对：路边车位开口→parking_curb，否则→hard_curb
121093281_1773196610300000,curb_like,hard_curb,请核对：路边车位开口→parking_curb，否则→hard_curb
121093281_1773196611200000,curb_like,hard_curb,请核对：路边车位开口→parking_curb，否则→hard_curb
121093281_1773196612100000,curb_like,hard_curb,请核对：路边车位开口→parking_curb，否则→hard_curb
121093281_1773196615700000,curb_like,hard_curb,请核对：路边车位开口→parking_curb，否则→hard_curb
121093281_1773196625600000,curb_like,hard_curb,请核对：路边车位开口→parking_curb，否则→hard_curb
121097772_1773197272500000,curb_like,hard_curb,请核对：路边车位开口→parking_curb，否则→hard_curb
121179158_1773209511400000,curb_like,hard_curb,请核对：路边车位开口→parking_curb，否则→hard_curb
121181225_1773209746600000,curb_like,hard_curb,请核对：路边车位开口→parking_curb，否则→hard_curb
121202092_1773207237500000,curb_like,hard_curb,请核对：路边车位开口→parking_curb，否则→hard_curb
121481810_1773280378600000,curb_like,hard_curb,请核对：路边车位开口→parking_curb，否则→hard_curb
121481810_1773280395100000,curb_like,hard_curb,请核对：路边车位开口→parking_curb，否则→hard_curb
121484469_1773280714500000,curb_like,hard_curb,请核对：路边车位开口→parking_curb，否则→hard_curb
121490082_1773281581700000,curb_like,hard_curb,请核对：路边车位开口→parking_curb，否则→hard_curb
121490082_1773281586500000,curb_like,hard_curb,请核对：路边车位开口→parking_curb，否则→hard_curb
121497831_1773282679300000,curb_like,hard_curb,请核对：路边车位开口→parking_curb，否则→hard_curb
121497831_1773282694000000,curb_like,hard_curb,请核对：路边车位开口→parking_curb，否则→hard_curb
121499817_1773282897700000,curb_like,hard_curb,请核对：路边车位开口→parking_curb，否则→hard_curb
121500901_1773283120400000,curb_like,hard_curb,请核对：路边车位开口→parking_curb，否则→hard_curb
121500901_1773283129500000,curb_like,hard_curb,请核对：路边车位开口→parking_curb，否则→hard_curb
121500901_1773283137600000,curb_like,hard_curb,请核对：路边车位开口→parking_curb，否则→hard_curb
121500901_1773283145800000,curb_like,hard_curb,请核对：路边车位开口→parking_curb，否则→hard_curb
121517085_1773285102600000,curb_like,hard_curb,请核对：路边车位开口→parking_curb，否则→hard_curb
121517085_1773285105700000,curb_like,hard_curb,请核对：路边车位开口→parking_curb，否则→hard_curb
121529976_1773287156000000,curb_like,hard_curb,请核对：路边车位开口→parking_curb，否则→hard_curb
121532110_1773287508800000,curb_like,hard_curb,请核对：路边车位开口→parking_curb，否则→hard_curb
121533679_1773287671900000,curb_like,hard_curb,请核对：路边车位开口→parking_curb，否则→hard_curb
121587250_1773295982300000,curb_like,hard_curb,请核对：路边车位开口→parking_curb，否则→hard_curb
121605757_1773297977700000,curb_like,hard_curb,请核对：路边车位开口→parking_curb，否则→hard_curb
121610369_1773298814300000,curb_like,hard_curb,请核对：路边车位开口→parking_curb，否则→hard_curb
121617941_1773299941500000,curb_like,hard_curb,请核对：路边车位开口→parking_curb，否则→hard_curb
121618665_1773300064400000,curb_like,hard_curb,请核对：路边车位开口→parking_curb，否则→hard_curb
121737847_1773301057900000,curb_like,hard_curb,请核对：路边车位开口→parking_curb，否则→hard_curb
121761913_1773319077500000,curb_like,hard_curb,请核对：路边车位开口→parking_curb，否则→hard_curb
121764254_1773319588400000,curb_like,hard_curb,请核对：路边车位开口→parking_curb，否则→hard_curb
121764254_1773319593200000,curb_like,hard_curb,请核对：路边车位开口→parking_curb，否则→hard_curb
121779047_1773323681200000,curb_like,hard_curb,请核对：路边车位开口→parking_curb，否则→hard_curb
121783776_1773325401900000,curb_like,hard_curb,请核对：路边车位开口→parking_curb，否则→hard_curb
121787028_1773326843300000,curb_like,hard_curb,请核对：路边车位开口→parking_curb，否则→hard_curb
121789714_1773328471400000,curb_like,hard_curb,请核对：路边车位开口→parking_curb，否则→hard_curb
121789714_1773328474700000,curb_like,hard_curb,请核对：路边车位开口→parking_curb，否则→hard_curb
121791016_1773329491100000,curb_like,hard_curb,请核对：路边车位开口→parking_curb，否则→hard_curb
121794063_1773332182800000,curb_like,hard_curb,请核对：路边车位开口→parking_curb，否则→hard_curb
121794063_1773332188900000,curb_like,hard_curb,请核对：路边车位开口→parking_curb，否则→hard_curb
121796441_1773334941200000,curb_like,hard_curb,请核对：路边车位开口→parking_curb，否则→hard_curb
121864407_1773307345700000,curb_like,hard_curb,请核对：路边车位开口→parking_curb，否则→hard_curb
121903919_1773369727300000,curb_like,hard_curb,请核对：路边车位开口→parking_curb，否则→hard_curb
121905257_1773369832400000,curb_like,hard_curb,请核对：路边车位开口→parking_curb，否则→hard_curb
121905257_1773369836300000,curb_like,hard_curb,请核对：路边车位开口→parking_curb，否则→hard_curb
121918326_1773371760300000,curb_like,hard_curb,请核对：路边车位开口→parking_curb，否则→hard_curb
121918946_1773371856400000,curb_like,hard_curb,请核对：路边车位开口→parking_curb，否则→hard_curb
122008480_1773384769500000,curb_like,hard_curb,请核对：路边车位开口→parking_curb，否则→hard_curb
122011845_1773385114300000,curb_like,hard_curb,请核对：路边车位开口→parking_curb，否则→hard_curb
122015919_1773385592800000,curb_like,hard_curb,请核对：路边车位开口→parking_curb，否则→hard_curb
122015919_1773385603300000,curb_like,hard_curb,请核对：路边车位开口→parking_curb，否则→hard_curb
122038749_1773388373900000,curb_like,hard_curb,请核对：路边车位开口→parking_curb，否则→hard_curb
122066349_1773391240100000,curb_like,hard_curb,请核对：路边车位开口→parking_curb，否则→hard_curb
122240919_1773421177500000,curb_like,hard_curb,请核对：路边车位开口→parking_curb，否则→hard_curb
122240921_1773421177500000,curb_like,hard_curb,请核对：路边车位开口→parking_curb，否则→hard_curb
122311379_1773453860800000,curb_like,hard_curb,请核对：路边车位开口→parking_curb，否则→hard_curb
122322021_1773455043900000,curb_like,hard_curb,请核对：路边车位开口→parking_curb，否则→hard_curb
122322030_1773455043900000,curb_like,hard_curb,请核对：路边车位开口→parking_curb，否则→hard_curb
122350579_1773458305000000,curb_like,hard_curb,请核对：路边车位开口→parking_curb，否则→hard_curb
122360593_1773459385100000,curb_like,hard_curb,请核对：路边车位开口→parking_curb，否则→hard_curb
122360593_1773459387300000,curb_like,hard_curb,请核对：路边车位开口→parking_curb，否则→hard_curb
122371729_1773460644800000,curb_like,hard_curb,请核对：路边车位开口→parking_curb，否则→hard_curb
122371729_1773460664800000,curb_like,hard_curb,请核对：路边车位开口→parking_curb，否则→hard_curb
122372774_1773460809000000,curb_like,hard_curb,请核对：路边车位开口→parking_curb，否则→hard_curb
122372774_1773460819500000,curb_like,hard_curb,请核对：路边车位开口→parking_curb，否则→hard_curb
122372774_1773460829400000,curb_like,hard_curb,请核对：路边车位开口→parking_curb，否则→hard_curb
122386685_1773462449300000,curb_like,hard_curb,请核对：路边车位开口→parking_curb，否则→hard_curb
122444870_1773469571800000,curb_like,hard_curb,请核对：路边车位开口→parking_curb，否则→hard_curb
122498420_1773475425800000,curb_like,hard_curb,请核对：路边车位开口→parking_curb，否则→hard_curb
122498420_1773475430500000,curb_like,hard_curb,请核对：路边车位开口→parking_curb，否则→hard_curb
122516262_1773477299600000,curb_like,hard_curb,请核对：路边车位开口→parking_curb，否则→hard_curb
122516262_1773477301200000,curb_like,hard_curb,请核对：路边车位开口→parking_curb，否则→hard_curb
122519868_1773477765700000,curb_like,hard_curb,请核对：路边车位开口→parking_curb，否则→hard_curb
122524829_1773478238200000,curb_like,hard_curb,请核对：路边车位开口→parking_curb，否则→hard_curb
122530767_1773478893700000,curb_like,hard_curb,请核对：路边车位开口→parking_curb，否则→hard_curb
122530767_1773478895800000,curb_like,hard_curb,请核对：路边车位开口→parking_curb，否则→hard_curb
122630371_1773492259900000,curb_like,hard_curb,请核对：路边车位开口→parking_curb，否则→hard_curb
122630371_1773492263900000,curb_like,hard_curb,请核对：路边车位开口→parking_curb，否则→hard_curb
122636497_1773493730700000,curb_like,hard_curb,请核对：路边车位开口→parking_curb，否则→hard_curb
122641626_1773495017400000,curb_like,hard_curb,请核对：路边车位开口→parking_curb，否则→hard_curb
122759064_1773544567000000,curb_like,hard_curb,请核对：路边车位开口→parking_curb，否则→hard_curb
122762698_1773544972800000,curb_like,hard_curb,请核对：路边车位开口→parking_curb，否则→hard_curb
122826125_1773553400100000,curb_like,hard_curb,请核对：路边车位开口→parking_curb，否则→hard_curb
122848780_1773555851000000,curb_like,hard_curb,请核对：路边车位开口→parking_curb，否则→hard_curb
122931703_1641001911600000,curb_like,hard_curb,请核对：路边车位开口→parking_curb，否则→hard_curb
122934002_1641002214700000,curb_like,hard_curb,请核对：路边车位开口→parking_curb，否则→hard_curb
122938708_1641002737700000,curb_like,hard_curb,请核对：路边车位开口→parking_curb，否则→hard_curb
122944586_1641003376700000,curb_like,hard_curb,请核对：路边车位开口→parking_curb，否则→hard_curb
122983199_1773570691800000,curb_like,hard_curb,请核对：路边车位开口→parking_curb，否则→hard_curb
122987080_1773571142000000,curb_like,hard_curb,请核对：路边车位开口→parking_curb，否则→hard_curb
122988538_1773571405300000,curb_like,hard_curb,请核对：路边车位开口→parking_curb，否则→hard_curb
122988538_1773571410300000,curb_like,hard_curb,请核对：路边车位开口→parking_curb，否则→hard_curb
122988538_1773571424100000,curb_like,hard_curb,请核对：路边车位开口→parking_curb，否则→hard_curb
123001590_1773573319600000,curb_like,hard_curb,请核对：路边车位开口→parking_curb，否则→hard_curb
123045739_1773583142500000,curb_like,hard_curb,请核对：路边车位开口→parking_curb，否则→hard_curb
123282433_1773643285900000,curb_like,hard_curb,请核对：路边车位开口→parking_curb，否则→hard_curb
123286907_1773643836400000,curb_like,hard_curb,请核对：路边车位开口→parking_curb，否则→hard_curb
123290828_1773644342600000,curb_like,hard_curb,请核对：路边车位开口→parking_curb，否则→hard_curb
123300072_1773645660200000,curb_like,hard_curb,请核对：路边车位开口→parking_curb，否则→hard_curb
123434029_1773662704400000,curb_like,hard_curb,请核对：路边车位开口→parking_curb，否则→hard_curb
123437436_1773663489400000,curb_like,hard_curb,请核对：路边车位开口→parking_curb，否则→hard_curb
123440417_1773664133300000,curb_like,hard_curb,请核对：路边车位开口→parking_curb，否则→hard_curb
123440525_1773664166600000,curb_like,hard_curb,请核对：路边车位开口→parking_curb，否则→hard_curb
123462393_1773670482700000,curb_like,hard_curb,请核对：路边车位开口→parking_curb，否则→hard_curb
123710047_1773733313000000,curb_like,hard_curb,请核对：路边车位开口→parking_curb，否则→hard_curb
123736773_1773715651700000,curb_like,hard_curb,请核对：路边车位开口→parking_curb，否则→hard_curb
123736809_1773715651700000,curb_like,hard_curb,请核对：路边车位开口→parking_curb，否则→hard_curb
123736821_1773715651700000,curb_like,hard_curb,请核对：路边车位开口→parking_curb，否则→hard_curb
123738471_1773736950600000,curb_like,hard_curb,请核对：路边车位开口→parking_curb，否则→hard_curb
123747826_1773714790800000,curb_like,hard_curb,请核对：路边车位开口→parking_curb，否则→hard_curb
123802127_1773743770600000,curb_like,hard_curb,请核对：路边车位开口→parking_curb，否则→hard_curb
123809438_1773744767800000,curb_like,hard_curb,请核对：路边车位开口→parking_curb，否则→hard_curb
123968936_1773797816300000,curb_like,hard_curb,请核对：路边车位开口→parking_curb，否则→hard_curb
123971092_1773798181600000,curb_like,hard_curb,请核对：路边车位开口→parking_curb，否则→hard_curb
123971092_1773798187000000,curb_like,hard_curb,请核对：路边车位开口→parking_curb，否则→hard_curb
123971092_1773798189200000,curb_like,hard_curb,请核对：路边车位开口→parking_curb，否则→hard_curb
123973716_1773798465300000,curb_like,hard_curb,请核对：路边车位开口→parking_curb，否则→hard_curb
123974008_1773798595500000,curb_like,hard_curb,请核对：路边车位开口→parking_curb，否则→hard_curb
123975864_1773798816600000,curb_like,hard_curb,请核对：路边车位开口→parking_curb，否则→hard_curb
123975864_1773798835800000,curb_like,hard_curb,请核对：路边车位开口→parking_curb，否则→hard_curb
123975864_1773798836900000,curb_like,hard_curb,请核对：路边车位开口→parking_curb，否则→hard_curb
123981323_1773799593200000,curb_like,hard_curb,请核对：路边车位开口→parking_curb，否则→hard_curb
123981323_1773799594500000,curb_like,hard_curb,请核对：路边车位开口→parking_curb，否则→hard_curb
123985286_1773800166100000,curb_like,hard_curb,请核对：路边车位开口→parking_curb，否则→hard_curb
124008994_1773803581900000,curb_like,hard_curb,请核对：路边车位开口→parking_curb，否则→hard_curb
124064490_1773812153400000,curb_like,hard_curb,请核对：路边车位开口→parking_curb，否则→hard_curb
124064490_1773812158700000,curb_like,hard_curb,请核对：路边车位开口→parking_curb，否则→hard_curb
124064490_1773812164600000,curb_like,hard_curb,请核对：路边车位开口→parking_curb，否则→hard_curb
124069242_1773812728700000,curb_like,hard_curb,请核对：路边车位开口→parking_curb，否则→hard_curb
124069242_1773812743700000,curb_like,hard_curb,请核对：路边车位开口→parking_curb，否则→hard_curb
124070726_1773813044400000,curb_like,hard_curb,请核对：路边车位开口→parking_curb，否则→hard_curb
124070726_1773813045200000,curb_like,hard_curb,请核对：路边车位开口→parking_curb，否则→hard_curb
124078433_1773814009900000,curb_like,hard_curb,请核对：路边车位开口→parking_curb，否则→hard_curb
124100860_1773816917400000,curb_like,hard_curb,请核对：路边车位开口→parking_curb，否则→hard_curb
124100860_1773816921100000,curb_like,hard_curb,请核对：路边车位开口→parking_curb，否则→hard_curb
124106376_1773817667400000,curb_like,hard_curb,请核对：路边车位开口→parking_curb，否则→hard_curb
124110342_1773818217000000,curb_like,hard_curb,请核对：路边车位开口→parking_curb，否则→hard_curb
124119908_1773819496800000,curb_like,hard_curb,请核对：路边车位开口→parking_curb，否则→hard_curb
124121324_1773819643100000,curb_like,hard_curb,请核对：路边车位开口→parking_curb，否则→hard_curb
124123644_1773819922400000,curb_like,hard_curb,请核对：路边车位开口→parking_curb，否则→hard_curb
124124571_1773820026100000,curb_like,hard_curb,请核对：路边车位开口→parking_curb，否则→hard_curb
124159542_1773798797800000,curb_like,hard_curb,请核对：路边车位开口→parking_curb，否则→hard_curb
124159542_1773798803100000,curb_like,hard_curb,请核对：路边车位开口→parking_curb，否则→hard_curb
124159543_1773799169800000,curb_like,hard_curb,请核对：路边车位开口→parking_curb，否则→hard_curb
124159543_1773799173100000,curb_like,hard_curb,请核对：路边车位开口→parking_curb，否则→hard_curb
124159543_1773799174600000,curb_like,hard_curb,请核对：路边车位开口→parking_curb，否则→hard_curb
124159543_1773799179300000,curb_like,hard_curb,请核对：路边车位开口→parking_curb，否则→hard_curb
124159543_1773799188000000,curb_like,hard_curb,请核对：路边车位开口→parking_curb，否则→hard_curb
124159546_1773799901000000,curb_like,hard_curb,请核对：路边车位开口→parking_curb，否则→hard_curb
124159546_1773799999600000,curb_like,hard_curb,请核对：路边车位开口→parking_curb，否则→hard_curb
124159552_1773800242700000,curb_like,hard_curb,请核对：路边车位开口→parking_curb，否则→hard_curb
124159554_1773799409400000,curb_like,hard_curb,请核对：路边车位开口→parking_curb，否则→hard_curb
124159555_1773800465700000,curb_like,hard_curb,请核对：路边车位开口→parking_curb，否则→hard_curb
124159556_1773800242700000,curb_like,hard_curb,请核对：路边车位开口→parking_curb，否则→hard_curb
124159557_1773799901000000,curb_like,hard_curb,请核对：路边车位开口→parking_curb，否则→hard_curb
124159563_1773799521200000,curb_like,hard_curb,请核对：路边车位开口→parking_curb，否则→hard_curb
124159564_1773799999600000,curb_like,hard_curb,请核对：路边车位开口→parking_curb，否则→hard_curb
124159564_1773800110700000,curb_like,hard_curb,请核对：路边车位开口→parking_curb，否则→hard_curb
124159564_1773800114600000,curb_like,hard_curb,请核对：路边车位开口→parking_curb，否则→hard_curb
124159567_1773798936300000,curb_like,hard_curb,请核对：路边车位开口→parking_curb，否则→hard_curb
124159567_1773798941000000,curb_like,hard_curb,请核对：路边车位开口→parking_curb，否则→hard_curb
124159567_1773798961300000,curb_like,hard_curb,请核对：路边车位开口→parking_curb，否则→hard_curb
124159570_1773799287900000,curb_like,hard_curb,请核对：路边车位开口→parking_curb，否则→hard_curb
124159572_1773798961300000,curb_like,hard_curb,请核对：路边车位开口→parking_curb，否则→hard_curb
124160103_1773813775200000,curb_like,hard_curb,请核对：路边车位开口→parking_curb，否则→hard_curb
124160103_1773813777300000,curb_like,hard_curb,请核对：路边车位开口→parking_curb，否则→hard_curb
124160103_1773813840800000,curb_like,hard_curb,请核对：路边车位开口→parking_curb，否则→hard_curb
124160113_1773813100200000,curb_like,hard_curb,请核对：路边车位开口→parking_curb，否则→hard_curb
124160113_1773813107100000,curb_like,hard_curb,请核对：路边车位开口→parking_curb，否则→hard_curb
124160116_1773814573800000,curb_like,hard_curb,请核对：路边车位开口→parking_curb，否则→hard_curb
124160117_1773814772200000,curb_like,hard_curb,请核对：路边车位开口→parking_curb，否则→hard_curb
124160117_1773814846900000,curb_like,hard_curb,请核对：路边车位开口→parking_curb，否则→hard_curb
124160117_1773814851000000,curb_like,hard_curb,请核对：路边车位开口→parking_curb，否则→hard_curb
124160122_1773815557100000,curb_like,hard_curb,请核对：路边车位开口→parking_curb，否则→hard_curb
124160122_1773815578500000,curb_like,hard_curb,请核对：路边车位开口→parking_curb，否则→hard_curb
124160134_1773813094800000,curb_like,hard_curb,请核对：路边车位开口→parking_curb，否则→hard_curb
124160134_1773813100200000,curb_like,hard_curb,请核对：路边车位开口→parking_curb，否则→hard_curb
124160134_1773813107100000,curb_like,hard_curb,请核对：路边车位开口→parking_curb，否则→hard_curb
124160136_1773814772200000,curb_like,hard_curb,请核对：路边车位开口→parking_curb，否则→hard_curb
124160139_1773814939500000,curb_like,hard_curb,请核对：路边车位开口→parking_curb，否则→hard_curb
124160139_1773815016500000,curb_like,hard_curb,请核对：路边车位开口→parking_curb，否则→hard_curb
124160140_1773814687100000,curb_like,hard_curb,请核对：路边车位开口→parking_curb，否则→hard_curb
124160140_1773814704200000,curb_like,hard_curb,请核对：路边车位开口→parking_curb，否则→hard_curb
124160140_1773814712100000,curb_like,hard_curb,请核对：路边车位开口→parking_curb，否则→hard_curb
124160141_1773814846900000,curb_like,hard_curb,请核对：路边车位开口→parking_curb，否则→hard_curb
124160141_1773814851000000,curb_like,hard_curb,请核对：路边车位开口→parking_curb，否则→hard_curb
124160141_1773814939500000,curb_like,hard_curb,请核对：路边车位开口→parking_curb，否则→hard_curb
124160143_1773813840800000,curb_like,hard_curb,请核对：路边车位开口→parking_curb，否则→hard_curb
124160143_1773813901900000,curb_like,hard_curb,请核对：路边车位开口→parking_curb，否则→hard_curb
124160143_1773813905200000,curb_like,hard_curb,请核对：路边车位开口→parking_curb，否则→hard_curb
124160146_1773813306100000,curb_like,hard_curb,请核对：路边车位开口→parking_curb，否则→hard_curb
124160146_1773813330700000,curb_like,hard_curb,请核对：路边车位开口→parking_curb，否则→hard_curb
124160674_1773819910300000,curb_like,hard_curb,请核对：路边车位开口→parking_curb，否则→hard_curb
124162445_1773819422300000,curb_like,hard_curb,请核对：路边车位开口→parking_curb，否则→hard_curb
124162456_1773817701000000,curb_like,hard_curb,请核对：路边车位开口→parking_curb，否则→hard_curb
124172467_1773804270600000,curb_like,hard_curb,请核对：路边车位开口→parking_curb，否则→hard_curb
124172471_1773803602200000,curb_like,hard_curb,请核对：路边车位开口→parking_curb，否则→hard_curb
124172471_1773803687800000,curb_like,hard_curb,请核对：路边车位开口→parking_curb，否则→hard_curb
124172471_1773803689200000,curb_like,hard_curb,请核对：路边车位开口→parking_curb，否则→hard_curb
124172476_1773803386800000,curb_like,hard_curb,请核对：路边车位开口→parking_curb，否则→hard_curb
124172484_1773803509000000,curb_like,hard_curb,请核对：路边车位开口→parking_curb，否则→hard_curb
124172484_1773803510900000,curb_like,hard_curb,请核对：路边车位开口→parking_curb，否则→hard_curb
124172484_1773803516600000,curb_like,hard_curb,请核对：路边车位开口→parking_curb，否则→hard_curb
124172493_1773803509000000,curb_like,hard_curb,请核对：路边车位开口→parking_curb，否则→hard_curb
124172493_1773803510900000,curb_like,hard_curb,请核对：路边车位开口→parking_curb，否则→hard_curb
124172493_1773803516600000,curb_like,hard_curb,请核对：路边车位开口→parking_curb，否则→hard_curb
124172493_1773803602200000,curb_like,hard_curb,请核对：路边车位开口→parking_curb，否则→hard_curb
124172662_1773812687300000,curb_like,hard_curb,请核对：路边车位开口→parking_curb，否则→hard_curb
124172910_1773816015300000,curb_like,hard_curb,请核对：路边车位开口→parking_curb，否则→hard_curb
124172910_1773816083200000,curb_like,hard_curb,请核对：路边车位开口→parking_curb，否则→hard_curb
124172910_1773816099200000,curb_like,hard_curb,请核对：路边车位开口→parking_curb，否则→hard_curb
124172910_1773816102600000,curb_like,hard_curb,请核对：路边车位开口→parking_curb，否则→hard_curb
124172910_1773816108100000,curb_like,hard_curb,请核对：路边车位开口→parking_curb，否则→hard_curb
124172914_1773816108100000,curb_like,hard_curb,请核对：路边车位开口→parking_curb，否则→hard_curb
124172914_1773816156800000,curb_like,hard_curb,请核对：路边车位开口→parking_curb，否则→hard_curb
124172915_1773814275100000,curb_like,hard_curb,请核对：路边车位开口→parking_curb，否则→hard_curb
124172915_1773814279400000,curb_like,hard_curb,请核对：路边车位开口→parking_curb，否则→hard_curb
124172915_1773814335300000,curb_like,hard_curb,请核对：路边车位开口→parking_curb，否则→hard_curb
124172938_1773814275100000,curb_like,hard_curb,请核对：路边车位开口→parking_curb，否则→hard_curb
124172938_1773814279400000,curb_like,hard_curb,请核对：路边车位开口→parking_curb，否则→hard_curb
124172951_1773816285800000,curb_like,hard_curb,请核对：路边车位开口→parking_curb，否则→hard_curb
124172951_1773816296100000,curb_like,hard_curb,请核对：路边车位开口→parking_curb，否则→hard_curb
124172951_1773816354100000,curb_like,hard_curb,请核对：路边车位开口→parking_curb，否则→hard_curb
124172967_1773816354100000,curb_like,hard_curb,请核对：路边车位开口→parking_curb，否则→hard_curb
124172967_1773816416100000,curb_like,hard_curb,请核对：路边车位开口→parking_curb，否则→hard_curb
124172975_1773820702300000,curb_like,hard_curb,请核对：路边车位开口→parking_curb，否则→hard_curb
124172976_1773816285800000,curb_like,hard_curb,请核对：路边车位开口→parking_curb，否则→hard_curb
124172976_1773816296100000,curb_like,hard_curb,请核对：路边车位开口→parking_curb，否则→hard_curb
124172977_1773816083200000,curb_like,hard_curb,请核对：路边车位开口→parking_curb，否则→hard_curb
124172977_1773816099200000,curb_like,hard_curb,请核对：路边车位开口→parking_curb，否则→hard_curb
124172977_1773816102600000,curb_like,hard_curb,请核对：路边车位开口→parking_curb，否则→hard_curb
124172977_1773816108100000,curb_like,hard_curb,请核对：路边车位开口→parking_curb，否则→hard_curb
124172977_1773816156800000,curb_like,hard_curb,请核对：路边车位开口→parking_curb，否则→hard_curb
124172979_1773816015300000,curb_like,hard_curb,请核对：路边车位开口→parking_curb，否则→hard_curb
124178632_1773826108300000,curb_like,hard_curb,请核对：路边车位开口→parking_curb，否则→hard_curb
124178632_1773826119700000,curb_like,hard_curb,请核对：路边车位开口→parking_curb，否则→hard_curb
124178632_1773826121700000,curb_like,hard_curb,请核对：路边车位开口→parking_curb，否则→hard_curb
124292329_1773846241200000,curb_like,hard_curb,请核对：路边车位开口→parking_curb，否则→hard_curb
124292329_1773846243200000,curb_like,hard_curb,请核对：路边车位开口→parking_curb，否则→hard_curb
124292329_1773846256300000,curb_like,hard_curb,请核对：路边车位开口→parking_curb，否则→hard_curb
124400262_1773886262700000,curb_like,hard_curb,请核对：路边车位开口→parking_curb，否则→hard_curb
124514862_1773902937600000,curb_like,hard_curb,请核对：路边车位开口→parking_curb，否则→hard_curb
124523699_1773885421600000,curb_like,hard_curb,请核对：路边车位开口→parking_curb，否则→hard_curb
124523712_1773888482700000,curb_like,hard_curb,请核对：路边车位开口→parking_curb，否则→hard_curb
124523720_1773886778000000,curb_like,hard_curb,请核对：路边车位开口→parking_curb，否则→hard_curb
124523740_1773885859500000,curb_like,hard_curb,请核对：路边车位开口→parking_curb，否则→hard_curb
124523745_1773888285300000,curb_like,hard_curb,请核对：路边车位开口→parking_curb，否则→hard_curb
124524377_1773904052700000,curb_like,hard_curb,请核对：路边车位开口→parking_curb，否则→hard_curb
124529266_1773904668200000,curb_like,hard_curb,请核对：路边车位开口→parking_curb，否则→hard_curb
124529266_1773904672500000,curb_like,hard_curb,请核对：路边车位开口→parking_curb，否则→hard_curb
124530965_1773904956900000,curb_like,hard_curb,请核对：路边车位开口→parking_curb，否则→hard_curb
124535360_1773886143000000,curb_like,hard_curb,请核对：路边车位开口→parking_curb，否则→hard_curb
124535365_1773886212400000,curb_like,hard_curb,请核对：路边车位开口→parking_curb，否则→hard_curb
124535367_1773888117300000,curb_like,hard_curb,请核对：路边车位开口→parking_curb，否则→hard_curb
124535367_1773888131300000,curb_like,hard_curb,请核对：路边车位开口→parking_curb，否则→hard_curb
124535383_1773887859000000,curb_like,hard_curb,请核对：路边车位开口→parking_curb，否则→hard_curb
124535384_1773888755200000,curb_like,hard_curb,请核对：路边车位开口→parking_curb，否则→hard_curb
124535394_1773884907100000,curb_like,hard_curb,请核对：路边车位开口→parking_curb，否则→hard_curb
124535403_1773886396400000,curb_like,hard_curb,请核对：路边车位开口→parking_curb，否则→hard_curb
124535403_1773886412500000,curb_like,hard_curb,请核对：路边车位开口→parking_curb，否则→hard_curb
124535409_1773887975200000,curb_like,hard_curb,请核对：路边车位开口→parking_curb，否则→hard_curb
124541389_1773906259700000,curb_like,hard_curb,请核对：路边车位开口→parking_curb，否则→hard_curb
124543689_1773906535600000,curb_like,hard_curb,请核对：路边车位开口→parking_curb，否则→hard_curb
124543689_1773906562400000,curb_like,hard_curb,请核对：路边车位开口→parking_curb，否则→hard_curb
124548116_1773900214300000,curb_like,hard_curb,请核对：路边车位开口→parking_curb，否则→hard_curb
124558444_1773908477900000,curb_like,hard_curb,请核对：路边车位开口→parking_curb，否则→hard_curb
124615572_1773910018600000,curb_like,hard_curb,请核对：路边车位开口→parking_curb，否则→hard_curb
124615572_1773910043600000,curb_like,hard_curb,请核对：路边车位开口→parking_curb，否则→hard_curb
124615572_1773910059000000,curb_like,hard_curb,请核对：路边车位开口→parking_curb，否则→hard_curb
124615577_1773910059000000,curb_like,hard_curb,请核对：路边车位开口→parking_curb，否则→hard_curb
124680448_1773924224000000,curb_like,hard_curb,请核对：路边车位开口→parking_curb，否则→hard_curb
124685183_1773925194400000,curb_like,hard_curb,请核对：路边车位开口→parking_curb，否则→hard_curb
124685183_1773925196200000,curb_like,hard_curb,请核对：路边车位开口→parking_curb，否则→hard_curb
124966635_1773991532900000,curb_like,hard_curb,请核对：路边车位开口→parking_curb，否则→hard_curb
124966635_1773991541400000,curb_like,hard_curb,请核对：路边车位开口→parking_curb，否则→hard_curb
124967903_1773991715800000,curb_like,hard_curb,请核对：路边车位开口→parking_curb，否则→hard_curb
124967903_1773991723800000,curb_like,hard_curb,请核对：路边车位开口→parking_curb，否则→hard_curb
124972336_1773992228700000,curb_like,hard_curb,请核对：路边车位开口→parking_curb，否则→hard_curb
125033892_1773998561400000,curb_like,hard_curb,请核对：路边车位开口→parking_curb，否则→hard_curb
125033892_1773998574300000,curb_like,hard_curb,请核对：路边车位开口→parking_curb，否则→hard_curb
125038611_1773996102900000,curb_like,hard_curb,请核对：路边车位开口→parking_curb，否则→hard_curb
125045956_1773972728800000,curb_like,hard_curb,请核对：路边车位开口→parking_curb，否则→hard_curb
125045957_1773972602300000,curb_like,hard_curb,请核对：路边车位开口→parking_curb，否则→hard_curb
125045975_1773972147900000,curb_like,hard_curb,请核对：路边车位开口→parking_curb，否则→hard_curb
125153948_1774012939000000,curb_like,hard_curb,请核对：路边车位开口→parking_curb，否则→hard_curb
125156855_1774013205100000,curb_like,hard_curb,请核对：路边车位开口→parking_curb，否则→hard_curb
125273535_1773973715400000,curb_like,hard_curb,请核对：路边车位开口→parking_curb，否则→hard_curb
125273535_1773973716600000,curb_like,hard_curb,请核对：路边车位开口→parking_curb，否则→hard_curb
125273553_1773973881900000,curb_like,hard_curb,请核对：路边车位开口→parking_curb，否则→hard_curb
125273553_1773973882900000,curb_like,hard_curb,请核对：路边车位开口→parking_curb，否则→hard_curb
125448362_1774078442400000,curb_like,hard_curb,请核对：路边车位开口→parking_curb，否则→hard_curb
125449390_1774078442400000,curb_like,hard_curb,请核对：路边车位开口→parking_curb，否则→hard_curb
125686214_1774061206500000,curb_like,hard_curb,请核对：路边车位开口→parking_curb，否则→hard_curb
125686214_1774061271800000,curb_like,hard_curb,请核对：路边车位开口→parking_curb，否则→hard_curb
125690939_1774077353900000,curb_like,hard_curb,请核对：路边车位开口→parking_curb，否则→hard_curb
125690939_1774077355400000,curb_like,hard_curb,请核对：路边车位开口→parking_curb，否则→hard_curb
125690939_1774077356900000,curb_like,hard_curb,请核对：路边车位开口→parking_curb，否则→hard_curb
125690939_1774077358600000,curb_like,hard_curb,请核对：路边车位开口→parking_curb，否则→hard_curb
125690939_1774077360400000,curb_like,hard_curb,请核对：路边车位开口→parking_curb，否则→hard_curb
125690944_1774077121700000,curb_like,hard_curb,请核对：路边车位开口→parking_curb，否则→hard_curb
125740530_1774150401600000,curb_like,hard_curb,请核对：路边车位开口→parking_curb，否则→hard_curb
125740530_1774150403400000,curb_like,hard_curb,请核对：路边车位开口→parking_curb，否则→hard_curb
125868123_1774146556800000,curb_like,hard_curb,请核对：路边车位开口→parking_curb，否则→hard_curb
125868123_1774146563700000,curb_like,hard_curb,请核对：路边车位开口→parking_curb，否则→hard_curb
125868140_1774146622600000,curb_like,hard_curb,请核对：路边车位开口→parking_curb，否则→hard_curb
125868140_1774146633200000,curb_like,hard_curb,请核对：路边车位开口→parking_curb，否则→hard_curb
125868140_1774146639700000,curb_like,hard_curb,请核对：路边车位开口→parking_curb，否则→hard_curb
125965297_1774166624300000,curb_like,hard_curb,请核对：路边车位开口→parking_curb，否则→hard_curb
125969535_1774146968200000,curb_like,hard_curb,请核对：路边车位开口→parking_curb，否则→hard_curb
126133038_1774102385500000,curb_like,hard_curb,请核对：路边车位开口→parking_curb，否则→hard_curb
126133038_1774102390900000,curb_like,hard_curb,请核对：路边车位开口→parking_curb，否则→hard_curb
126272555_1774246891900000,curb_like,hard_curb,请核对：路边车位开口→parking_curb，否则→hard_curb
126275276_1774247236000000,curb_like,hard_curb,请核对：路边车位开口→parking_curb，否则→hard_curb
126275276_1774247238500000,curb_like,hard_curb,请核对：路边车位开口→parking_curb，否则→hard_curb
126281669_1774248063500000,curb_like,hard_curb,请核对：路边车位开口→parking_curb，否则→hard_curb
126282327_1774248063500000,curb_like,hard_curb,请核对：路边车位开口→parking_curb，否则→hard_curb
126292492_1774249437200000,curb_like,hard_curb,请核对：路边车位开口→parking_curb，否则→hard_curb
126297702_1774249969700000,curb_like,hard_curb,请核对：路边车位开口→parking_curb，否则→hard_curb
126309503_1774251391300000,curb_like,hard_curb,请核对：路边车位开口→parking_curb，否则→hard_curb
126319443_1774252686400000,curb_like,hard_curb,请核对：路边车位开口→parking_curb，否则→hard_curb
126319443_1774252689400000,curb_like,hard_curb,请核对：路边车位开口→parking_curb，否则→hard_curb
126321348_1774252882300000,curb_like,hard_curb,请核对：路边车位开口→parking_curb，否则→hard_curb
126321348_1774252884300000,curb_like,hard_curb,请核对：路边车位开口→parking_curb，否则→hard_curb
126321348_1774252899500000,curb_like,hard_curb,请核对：路边车位开口→parking_curb，否则→hard_curb
126324426_1774253157800000,curb_like,hard_curb,请核对：路边车位开口→parking_curb，否则→hard_curb
126324426_1774253175200000,curb_like,hard_curb,请核对：路边车位开口→parking_curb，否则→hard_curb
126330951_1774254118100000,curb_like,hard_curb,请核对：路边车位开口→parking_curb，否则→hard_curb
126330951_1774254130000000,curb_like,hard_curb,请核对：路边车位开口→parking_curb，否则→hard_curb
126330951_1774254139600000,curb_like,hard_curb,请核对：路边车位开口→parking_curb，否则→hard_curb
126330951_1774254141400000,curb_like,hard_curb,请核对：路边车位开口→parking_curb，否则→hard_curb
126333714_1774254405500000,curb_like,hard_curb,请核对：路边车位开口→parking_curb，否则→hard_curb
126333714_1774254409100000,curb_like,hard_curb,请核对：路边车位开口→parking_curb，否则→hard_curb
126367134_1774251671400000,curb_like,hard_curb,请核对：路边车位开口→parking_curb，否则→hard_curb
126442205_1774268391600000,curb_like,hard_curb,请核对：路边车位开口→parking_curb，否则→hard_curb
126444662_1774268967400000,curb_like,hard_curb,请核对：路边车位开口→parking_curb，否则→hard_curb
126447676_1774269715300000,curb_like,hard_curb,请核对：路边车位开口→parking_curb，否则→hard_curb
126452421_1774259680600000,curb_like,hard_curb,请核对：路边车位开口→parking_curb，否则→hard_curb
126452423_1774259680600000,curb_like,hard_curb,请核对：路边车位开口→parking_curb，否则→hard_curb
126463445_1774273858000000,curb_like,hard_curb,请核对：路边车位开口→parking_curb，否则→hard_curb
126463445_1774273858800000,curb_like,hard_curb,请核对：路边车位开口→parking_curb，否则→hard_curb
126463445_1774273861400000,curb_like,hard_curb,请核对：路边车位开口→parking_curb，否则→hard_curb
126463445_1774273862700000,curb_like,hard_curb,请核对：路边车位开口→parking_curb，否则→hard_curb
126464302_1774274060700000,curb_like,hard_curb,请核对：路边车位开口→parking_curb，否则→hard_curb
126464302_1774274062200000,curb_like,hard_curb,请核对：路边车位开口→parking_curb，否则→hard_curb
126563340_1774264416800000,curb_like,hard_curb,请核对：路边车位开口→parking_curb，否则→hard_curb
126593099_1774321119400000,curb_like,hard_curb,请核对：路边车位开口→parking_curb，否则→hard_curb
126597324_1774321705900000,curb_like,hard_curb,请核对：路边车位开口→parking_curb，否则→hard_curb
126657412_1774331321400000,curb_like,hard_curb,请核对：路边车位开口→parking_curb，否则→hard_curb
126662861_1774332079500000,curb_like,hard_curb,请核对：路边车位开口→parking_curb，否则→hard_curb
126662861_1774332084200000,curb_like,hard_curb,请核对：路边车位开口→parking_curb，否则→hard_curb
126665907_1774332409300000,curb_like,hard_curb,请核对：路边车位开口→parking_curb，否则→hard_curb
126666765_1774332480500000,curb_like,hard_curb,请核对：路边车位开口→parking_curb，否则→hard_curb
126679697_1641007510700000,curb_like,hard_curb,请核对：路边车位开口→parking_curb，否则→hard_curb
126679697_1641007512600000,curb_like,hard_curb,请核对：路边车位开口→parking_curb，否则→hard_curb
126750450_1774342917600000,curb_like,hard_curb,请核对：路边车位开口→parking_curb，否则→hard_curb
126873984_1774358261600000,curb_like,hard_curb,请核对：路边车位开口→parking_curb，否则→hard_curb
126993906_1774405233700000,curb_like,hard_curb,请核对：路边车位开口→parking_curb，否则→hard_curb
126999202_1774406010700000,curb_like,hard_curb,请核对：路边车位开口→parking_curb，否则→hard_curb
127000938_1774406018800000,curb_like,hard_curb,请核对：路边车位开口→parking_curb，否则→hard_curb
127011897_1774407779400000,curb_like,hard_curb,请核对：路边车位开口→parking_curb，否则→hard_curb
127020910_1774337175300000,curb_like,hard_curb,请核对：路边车位开口→parking_curb，否则→hard_curb
127020910_1774337252600000,curb_like,hard_curb,请核对：路边车位开口→parking_curb，否则→hard_curb
127020948_1774337175300000,curb_like,hard_curb,请核对：路边车位开口→parking_curb，否则→hard_curb
127020962_1774336976600000,curb_like,hard_curb,请核对：路边车位开口→parking_curb，否则→hard_curb
127022380_1774320520400000,curb_like,hard_curb,请核对：路边车位开口→parking_curb，否则→hard_curb
127022413_1774320327000000,curb_like,hard_curb,请核对：路边车位开口→parking_curb，否则→hard_curb
127022413_1774320332700000,curb_like,hard_curb,请核对：路边车位开口→parking_curb，否则→hard_curb
127022413_1774320335100000,curb_like,hard_curb,请核对：路边车位开口→parking_curb，否则→hard_curb
127022454_1774320327000000,curb_like,hard_curb,请核对：路边车位开口→parking_curb，否则→hard_curb
127022454_1774320332700000,curb_like,hard_curb,请核对：路边车位开口→parking_curb，否则→hard_curb
127022454_1774320335100000,curb_like,hard_curb,请核对：路边车位开口→parking_curb，否则→hard_curb
127022750_1774408997300000,curb_like,hard_curb,请核对：路边车位开口→parking_curb，否则→hard_curb
127024390_1774337486500000,curb_like,hard_curb,请核对：路边车位开口→parking_curb，否则→hard_curb
127024390_1774337512200000,curb_like,hard_curb,请核对：路边车位开口→parking_curb，否则→hard_curb
127024390_1774337529000000,curb_like,hard_curb,请核对：路边车位开口→parking_curb，否则→hard_curb
127109597_1774421139100000,curb_like,hard_curb,请核对：路边车位开口→parking_curb，否则→hard_curb
127120307_1641001848800000,curb_like,hard_curb,请核对：路边车位开口→parking_curb，否则→hard_curb
127122402_1641017098500000,curb_like,hard_curb,请核对：路边车位开口→parking_curb，否则→hard_curb
127122402_1641017099700000,curb_like,hard_curb,请核对：路边车位开口→parking_curb，否则→hard_curb
127128311_1774423515600000,curb_like,hard_curb,请核对：路边车位开口→parking_curb，否则→hard_curb
127128325_1641002849200000,curb_like,hard_curb,请核对：路边车位开口→parking_curb，否则→hard_curb
127128325_1641002870400000,curb_like,hard_curb,请核对：路边车位开口→parking_curb，否则→hard_curb
127141923_1774425266900000,curb_like,hard_curb,请核对：路边车位开口→parking_curb，否则→hard_curb
127165824_1641007562000000,curb_like,hard_curb,请核对：路边车位开口→parking_curb，否则→hard_curb
127505920_1774504198700000,curb_like,hard_curb,请核对：路边车位开口→parking_curb，否则→hard_curb
127505920_1774504217100000,curb_like,hard_curb,请核对：路边车位开口→parking_curb，否则→hard_curb
127591319_1774515071400000,curb_like,hard_curb,请核对：路边车位开口→parking_curb，否则→hard_curb
127591319_1774515092200000,curb_like,hard_curb,请核对：路边车位开口→parking_curb，否则→hard_curb
127595808_1774515559400000,curb_like,hard_curb,请核对：路边车位开口→parking_curb，否则→hard_curb
127595808_1774515579000000,curb_like,hard_curb,请核对：路边车位开口→parking_curb，否则→hard_curb
127710345_1774532273700000,curb_like,hard_curb,请核对：路边车位开口→parking_curb，否则→hard_curb
127806973_1774494378000000,curb_like,hard_curb,请核对：路边车位开口→parking_curb，否则→hard_curb
127806973_1774494384500000,curb_like,hard_curb,请核对：路边车位开口→parking_curb，否则→hard_curb
127806973_1774494394200000,curb_like,hard_curb,请核对：路边车位开口→parking_curb，否则→hard_curb
127806973_1774494416000000,curb_like,hard_curb,请核对：路边车位开口→parking_curb，否则→hard_curb
127806973_1774494418900000,curb_like,hard_curb,请核对：路边车位开口→parking_curb，否则→hard_curb
127849303_1774578442500000,curb_like,hard_curb,请核对：路边车位开口→parking_curb，否则→hard_curb
127869198_1774581065400000,curb_like,hard_curb,请核对：路边车位开口→parking_curb，否则→hard_curb
127962470_1774593552100000,curb_like,hard_curb,请核对：路边车位开口→parking_curb，否则→hard_curb
128003132_1774598243900000,curb_like,hard_curb,请核对：路边车位开口→parking_curb，否则→hard_curb
128015703_1774599557000000,curb_like,hard_curb,请核对：路边车位开口→parking_curb，否则→hard_curb
128032582_1774601253600000,curb_like,hard_curb,请核对：路边车位开口→parking_curb，否则→hard_curb
128032582_1774601258000000,curb_like,hard_curb,请核对：路边车位开口→parking_curb，否则→hard_curb
128032582_1774601259600000,curb_like,hard_curb,请核对：路边车位开口→parking_curb，否则→hard_curb
128032582_1774601262800000,curb_like,hard_curb,请核对：路边车位开口→parking_curb，否则→hard_curb
128032824_1774601295700000,curb_like,hard_curb,请核对：路边车位开口→parking_curb，否则→hard_curb
128123676_1774605103700000,curb_like,hard_curb,请核对：路边车位开口→parking_curb，否则→hard_curb
128123676_1774605108900000,curb_like,hard_curb,请核对：路边车位开口→parking_curb，否则→hard_curb
128144332_1774612260300000,curb_like,hard_curb,请核对：路边车位开口→parking_curb，否则→hard_curb
128144332_1774612261800000,curb_like,hard_curb,请核对：路边车位开口→parking_curb，否则→hard_curb
128150353_1774613082200000,curb_like,hard_curb,请核对：路边车位开口→parking_curb，否则→hard_curb
128150353_1774613085800000,curb_like,hard_curb,请核对：路边车位开口→parking_curb，否则→hard_curb
128154683_1774613766700000,curb_like,hard_curb,请核对：路边车位开口→parking_curb，否则→hard_curb
128155659_1774614011600000,curb_like,hard_curb,请核对：路边车位开口→parking_curb，否则→hard_curb
128156466_1774614184500000,curb_like,hard_curb,请核对：路边车位开口→parking_curb，否则→hard_curb
128156466_1774614186800000,curb_like,hard_curb,请核对：路边车位开口→parking_curb，否则→hard_curb
128156466_1774614191200000,curb_like,hard_curb,请核对：路边车位开口→parking_curb，否则→hard_curb
128157830_1774614273700000,curb_like,hard_curb,请核对：路边车位开口→parking_curb，否则→hard_curb
128158429_1774614401700000,curb_like,hard_curb,请核对：路边车位开口→parking_curb，否则→hard_curb
128257922_1774577970400000,curb_like,hard_curb,请核对：路边车位开口→parking_curb，否则→hard_curb
128310563_1774664544700000,curb_like,hard_curb,请核对：路边车位开口→parking_curb，否则→hard_curb
128314067_1774664882900000,curb_like,hard_curb,请核对：路边车位开口→parking_curb，否则→hard_curb
128417371_1774676410600000,curb_like,hard_curb,请核对：路边车位开口→parking_curb，否则→hard_curb
128417371_1774676427500000,curb_like,hard_curb,请核对：路边车位开口→parking_curb，否则→hard_curb
128447151_1641015026700000,curb_like,hard_curb,请核对：路边车位开口→parking_curb，否则→hard_curb
128447151_1641015049800000,curb_like,hard_curb,请核对：路边车位开口→parking_curb，否则→hard_curb
128508726_1774581462900000,curb_like,hard_curb,请核对：路边车位开口→parking_curb，否则→hard_curb
128508726_1774581520400000,curb_like,hard_curb,请核对：路边车位开口→parking_curb，否则→hard_curb
128508768_1774581377900000,curb_like,hard_curb,请核对：路边车位开口→parking_curb，否则→hard_curb
128508768_1774581462900000,curb_like,hard_curb,请核对：路边车位开口→parking_curb，否则→hard_curb
128573453_1774681039400000,curb_like,hard_curb,请核对：路边车位开口→parking_curb，否则→hard_curb
128681976_1774625124900000,curb_like,hard_curb,请核对：路边车位开口→parking_curb，否则→hard_curb
128681983_1774625209400000,curb_like,hard_curb,请核对：路边车位开口→parking_curb，否则→hard_curb
128682045_1774613800500000,curb_like,hard_curb,请核对：路边车位开口→parking_curb，否则→hard_curb
128682119_1774626219400000,curb_like,hard_curb,请核对：路边车位开口→parking_curb，否则→hard_curb
128682143_1774626008200000,curb_like,hard_curb,请核对：路边车位开口→parking_curb，否则→hard_curb
128824887_1774706589900000,curb_like,hard_curb,请核对：路边车位开口→parking_curb，否则→hard_curb
128824887_1774706603400000,curb_like,hard_curb,请核对：路边车位开口→parking_curb，否则→hard_curb
128824887_1774706606300000,curb_like,hard_curb,请核对：路边车位开口→parking_curb，否则→hard_curb
128824888_1774706615000000,curb_like,hard_curb,请核对：路边车位开口→parking_curb，否则→hard_curb
128824892_1774706762100000,curb_like,hard_curb,请核对：路边车位开口→parking_curb，否则→hard_curb
128824892_1774706790700000,curb_like,hard_curb,请核对：路边车位开口→parking_curb，否则→hard_curb
128824892_1774706797000000,curb_like,hard_curb,请核对：路边车位开口→parking_curb，否则→hard_curb
128956351_1774771543300000,curb_like,hard_curb,请核对：路边车位开口→parking_curb，否则→hard_curb
129062248_1774753836900000,curb_like,hard_curb,请核对：路边车位开口→parking_curb，否则→hard_curb
129062248_1774753918800000,curb_like,hard_curb,请核对：路边车位开口→parking_curb，否则→hard_curb
129062250_1774753918800000,curb_like,hard_curb,请核对：路边车位开口→parking_curb，否则→hard_curb
129062259_1774753446500000,curb_like,hard_curb,请核对：路边车位开口→parking_curb，否则→hard_curb
129242176_1774837964200000,curb_like,hard_curb,请核对：路边车位开口→parking_curb，否则→hard_curb
129697380_1774926074400000,curb_like,hard_curb,请核对：路边车位开口→parking_curb，否则→hard_curb
129697380_1774926078700000,curb_like,hard_curb,请核对：路边车位开口→parking_curb，否则→hard_curb
129697532_1774926078700000,curb_like,hard_curb,请核对：路边车位开口→parking_curb，否则→hard_curb
129697939_1774926190000000,curb_like,hard_curb,请核对：路边车位开口→parking_curb，否则→hard_curb
129697939_1774926192900000,curb_like,hard_curb,请核对：路边车位开口→parking_curb，否则→hard_curb
129697939_1774926193600000,curb_like,hard_curb,请核对：路边车位开口→parking_curb，否则→hard_curb
129697945_1774926190000000,curb_like,hard_curb,请核对：路边车位开口→parking_curb，否则→hard_curb
129697945_1774926192900000,curb_like,hard_curb,请核对：路边车位开口→parking_curb，否则→hard_curb
129697945_1774926193600000,curb_like,hard_curb,请核对：路边车位开口→parking_curb，否则→hard_curb
129801980_1774940005900000,curb_like,hard_curb,请核对：路边车位开口→parking_curb，否则→hard_curb
129801980_1774940017400000,curb_like,hard_curb,请核对：路边车位开口→parking_curb，否则→hard_curb
129802054_1774940111800000,curb_like,hard_curb,请核对：路边车位开口→parking_curb，否则→hard_curb
129802495_1774940197100000,curb_like,hard_curb,请核对：路边车位开口→parking_curb，否则→hard_curb
129839160_1774944650700000,curb_like,hard_curb,请核对：路边车位开口→parking_curb，否则→hard_curb
129839160_1774944666400000,curb_like,hard_curb,请核对：路边车位开口→parking_curb，否则→hard_curb
129839770_1774944826900000,curb_like,hard_curb,请核对：路边车位开口→parking_curb，否则→hard_curb
129839770_1774944837600000,curb_like,hard_curb,请核对：路边车位开口→parking_curb，否则→hard_curb
129842562_1774945058700000,curb_like,hard_curb,请核对：路边车位开口→parking_curb，否则→hard_curb
129844103_1774945243700000,curb_like,hard_curb,请核对：路边车位开口→parking_curb，否则→hard_curb
129905273_1774923113300000,curb_like,hard_curb,请核对：路边车位开口→parking_curb，否则→hard_curb
129905277_1774923113300000,curb_like,hard_curb,请核对：路边车位开口→parking_curb，否则→hard_curb
129952359_1774947904700000,curb_like,hard_curb,请核对：路边车位开口→parking_curb，否则→hard_curb
129952359_1774947964700000,curb_like,hard_curb,请核对：路边车位开口→parking_curb，否则→hard_curb
129952359_1774947981500000,curb_like,hard_curb,请核对：路边车位开口→parking_curb，否则→hard_curb
129952365_1774947777000000,curb_like,hard_curb,请核对：路边车位开口→parking_curb，否则→hard_curb
129952365_1774947818900000,curb_like,hard_curb,请核对：路边车位开口→parking_curb，否则→hard_curb
129952370_1774948152900000,curb_like,hard_curb,请核对：路边车位开口→parking_curb，否则→hard_curb
129952373_1774947397900000,curb_like,hard_curb,请核对：路边车位开口→parking_curb，否则→hard_curb
129952388_1774947555800000,curb_like,hard_curb,请核对：路边车位开口→parking_curb，否则→hard_curb
129952388_1774947560700000,curb_like,hard_curb,请核对：路边车位开口→parking_curb，否则→hard_curb
130009493_1774967221000000,curb_like,hard_curb,请核对：路边车位开口→parking_curb，否则→hard_curb
130009502_1774966851400000,curb_like,hard_curb,请核对：路边车位开口→parking_curb，否则→hard_curb
130009502_1774966865200000,curb_like,hard_curb,请核对：路边车位开口→parking_curb，否则→hard_curb
130009513_1774967221000000,curb_like,hard_curb,请核对：路边车位开口→parking_curb，否则→hard_curb
130009522_1774957009700000,curb_like,hard_curb,请核对：路边车位开口→parking_curb，否则→hard_curb
130009525_1774957926100000,curb_like,hard_curb,请核对：路边车位开口→parking_curb，否则→hard_curb
130009525_1774957929900000,curb_like,hard_curb,请核对：路边车位开口→parking_curb，否则→hard_curb
130009525_1774957933200000,curb_like,hard_curb,请核对：路边车位开口→parking_curb，否则→hard_curb
130009528_1774956871100000,curb_like,hard_curb,请核对：路边车位开口→parking_curb，否则→hard_curb
130009528_1774956874900000,curb_like,hard_curb,请核对：路边车位开口→parking_curb，否则→hard_curb
130009539_1774957926100000,curb_like,hard_curb,请核对：路边车位开口→parking_curb，否则→hard_curb
130009539_1774957929900000,curb_like,hard_curb,请核对：路边车位开口→parking_curb，否则→hard_curb
130009539_1774957933200000,curb_like,hard_curb,请核对：路边车位开口→parking_curb，否则→hard_curb
130024601_1774955214800000,curb_like,hard_curb,请核对：路边车位开口→parking_curb，否则→hard_curb
130024601_1774955230700000,curb_like,hard_curb,请核对：路边车位开口→parking_curb，否则→hard_curb
130024601_1774955235500000,curb_like,hard_curb,请核对：路边车位开口→parking_curb，否则→hard_curb
130024602_1774955214800000,curb_like,hard_curb,请核对：路边车位开口→parking_curb，否则→hard_curb
130024602_1774955230700000,curb_like,hard_curb,请核对：路边车位开口→parking_curb，否则→hard_curb
130024602_1774955235500000,curb_like,hard_curb,请核对：路边车位开口→parking_curb，否则→hard_curb
130024603_1774955786400000,curb_like,hard_curb,请核对：路边车位开口→parking_curb，否则→hard_curb
130024604_1774955786400000,curb_like,hard_curb,请核对：路边车位开口→parking_curb，否则→hard_curb
130025183_1774967950900000,curb_like,hard_curb,请核对：路边车位开口→parking_curb，否则→hard_curb
130025183_1774967959300000,curb_like,hard_curb,请核对：路边车位开口→parking_curb，否则→hard_curb
130203236_1775014449400000,curb_like,hard_curb,请核对：路边车位开口→parking_curb，否则→hard_curb
130307136_1775025497700000,curb_like,hard_curb,请核对：路边车位开口→parking_curb，否则→hard_curb
130307136_1775025498400000,curb_like,hard_curb,请核对：路边车位开口→parking_curb，否则→hard_curb
130310259_1775025848600000,curb_like,hard_curb,请核对：路边车位开口→parking_curb，否则→hard_curb
130324769_1775027252600000,curb_like,hard_curb,请核对：路边车位开口→parking_curb，否则→hard_curb
130342587_1775028958600000,curb_like,hard_curb,请核对：路边车位开口→parking_curb，否则→hard_curb
130362561_1775030914100000,curb_like,hard_curb,请核对：路边车位开口→parking_curb，否则→hard_curb
130366561_1775031304300000,curb_like,hard_curb,请核对：路边车位开口→parking_curb，否则→hard_curb
130379464_1775032510300000,curb_like,hard_curb,请核对：路边车位开口→parking_curb，否则→hard_curb
130393857_1775033853400000,curb_like,hard_curb,请核对：路边车位开口→parking_curb，否则→hard_curb
130466630_1775024064400000,curb_like,hard_curb,请核对：路边车位开口→parking_curb，否则→hard_curb
130466631_1775024064400000,curb_like,hard_curb,请核对：路边车位开口→parking_curb，否则→hard_curb
130466632_1775024064400000,curb_like,hard_curb,请核对：路边车位开口→parking_curb，否则→hard_curb
130695820_1775096824100000,curb_like,hard_curb,请核对：路边车位开口→parking_curb，否则→hard_curb
130703076_1775097624100000,curb_like,hard_curb,请核对：路边车位开口→parking_curb，否则→hard_curb
130703815_1775097676800000,curb_like,hard_curb,请核对：路边车位开口→parking_curb，否则→hard_curb
130707778_1775012933200000,curb_like,hard_curb,请核对：路边车位开口→parking_curb，否则→hard_curb
130707778_1775013063800000,curb_like,hard_curb,请核对：路边车位开口→parking_curb，否则→hard_curb
130764661_1775042998400000,curb_like,hard_curb,请核对：路边车位开口→parking_curb，否则→hard_curb
130815878_1775110647700000,curb_like,hard_curb,请核对：路边车位开口→parking_curb，否则→hard_curb
130863879_1775115697100000,curb_like,hard_curb,请核对：路边车位开口→parking_curb，否则→hard_curb
130878073_1775117262000000,curb_like,hard_curb,请核对：路边车位开口→parking_curb，否则→hard_curb
130892225_1775051062600000,curb_like,hard_curb,请核对：路边车位开口→parking_curb，否则→hard_curb
130892225_1775051066100000,curb_like,hard_curb,请核对：路边车位开口→parking_curb，否则→hard_curb
130892233_1775051062600000,curb_like,hard_curb,请核对：路边车位开口→parking_curb，否则→hard_curb
130892233_1775051066100000,curb_like,hard_curb,请核对：路边车位开口→parking_curb，否则→hard_curb
130892298_1775051062600000,curb_like,hard_curb,请核对：路边车位开口→parking_curb，否则→hard_curb
130892298_1775051066100000,curb_like,hard_curb,请核对：路边车位开口→parking_curb，否则→hard_curb
130892334_1775051370200000,curb_like,hard_curb,请核对：路边车位开口→parking_curb，否则→hard_curb
130977501_1775101186900000,curb_like,hard_curb,请核对：路边车位开口→parking_curb，否则→hard_curb
131049830_1775137302300000,curb_like,hard_curb,请核对：路边车位开口→parking_curb，否则→hard_curb
131223365_1775143243800000,curb_like,hard_curb,请核对：路边车位开口→parking_curb，否则→hard_curb
131223365_1775143246300000,curb_like,hard_curb,请核对：路边车位开口→parking_curb，否则→hard_curb
131223417_1775143404700000,curb_like,hard_curb,请核对：路边车位开口→parking_curb，否则→hard_curb
131331896_1775196936100000,curb_like,hard_curb,请核对：路边车位开口→parking_curb，否则→hard_curb
131542103_1775201122000000,curb_like,hard_curb,请核对：路边车位开口→parking_curb，否则→hard_curb
131562254_1775204473000000,curb_like,hard_curb,请核对：路边车位开口→parking_curb，否则→hard_curb
131571939_1775185332900000,curb_like,hard_curb,请核对：路边车位开口→parking_curb，否则→hard_curb
131571939_1775185336300000,curb_like,hard_curb,请核对：路边车位开口→parking_curb，否则→hard_curb
131571986_1775183908000000,curb_like,hard_curb,请核对：路边车位开口→parking_curb，否则→hard_curb
131596446_1775185195200000,curb_like,hard_curb,请核对：路边车位开口→parking_curb，否则→hard_curb
131596446_1775185208400000,curb_like,hard_curb,请核对：路边车位开口→parking_curb，否则→hard_curb
131596446_1775185214700000,curb_like,hard_curb,请核对：路边车位开口→parking_curb，否则→hard_curb
131997823_1775282533600000,curb_like,hard_curb,请核对：路边车位开口→parking_curb，否则→hard_curb
132176001_1775290621900000,curb_like,hard_curb,请核对：路边车位开口→parking_curb，否则→hard_curb
132242077_1775269973600000,curb_like,hard_curb,请核对：路边车位开口→parking_curb，否则→hard_curb
132243054_1775302330900000,curb_like,hard_curb,请核对：路边车位开口→parking_curb，否则→hard_curb
132243054_1775302346800000,curb_like,hard_curb,请核对：路边车位开口→parking_curb，否则→hard_curb
132303783_1775311321600000,curb_like,hard_curb,请核对：路边车位开口→parking_curb，否则→hard_curb
132333299_1775301418200000,curb_like,hard_curb,请核对：路边车位开口→parking_curb，否则→hard_curb
132333299_1775301431200000,curb_like,hard_curb,请核对：路边车位开口→parking_curb，否则→hard_curb
132333309_1775303168600000,curb_like,hard_curb,请核对：路边车位开口→parking_curb，否则→hard_curb
132432397_1775355066200000,curb_like,hard_curb,请核对：路边车位开口→parking_curb，否则→hard_curb
132432549_1775355159300000,curb_like,hard_curb,请核对：路边车位开口→parking_curb，否则→hard_curb
132432549_1775355161500000,curb_like,hard_curb,请核对：路边车位开口→parking_curb，否则→hard_curb
132432549_1775355164900000,curb_like,hard_curb,请核对：路边车位开口→parking_curb，否则→hard_curb
132435207_1775355259900000,curb_like,hard_curb,请核对：路边车位开口→parking_curb，否则→hard_curb
132435733_1775355325900000,curb_like,hard_curb,请核对：路边车位开口→parking_curb，否则→hard_curb
132435733_1775355327300000,curb_like,hard_curb,请核对：路边车位开口→parking_curb，否则→hard_curb
132437980_1775355406600000,curb_like,hard_curb,请核对：路边车位开口→parking_curb，否则→hard_curb
132437992_1775355406600000,curb_like,hard_curb,请核对：路边车位开口→parking_curb，否则→hard_curb
132437992_1775355419600000,curb_like,hard_curb,请核对：路边车位开口→parking_curb，否则→hard_curb
132437992_1775355421800000,curb_like,hard_curb,请核对：路边车位开口→parking_curb，否则→hard_curb
132438154_1775355515800000,curb_like,hard_curb,请核对：路边车位开口→parking_curb，否则→hard_curb
132438154_1775355518200000,curb_like,hard_curb,请核对：路边车位开口→parking_curb，否则→hard_curb
132438896_1775355580900000,curb_like,hard_curb,请核对：路边车位开口→parking_curb，否则→hard_curb
132487136_1775306357400000,curb_like,hard_curb,请核对：路边车位开口→parking_curb，否则→hard_curb
132487136_1775306363300000,curb_like,hard_curb,请核对：路边车位开口→parking_curb，否则→hard_curb
132487136_1775306365200000,curb_like,hard_curb,请核对：路边车位开口→parking_curb，否则→hard_curb
132559865_1775298875800000,curb_like,hard_curb,请核对：路边车位开口→parking_curb，否则→hard_curb
132704598_1775377718900000,curb_like,hard_curb,请核对：路边车位开口→parking_curb，否则→hard_curb
132728311_1775303461900000,curb_like,hard_curb,请核对：路边车位开口→parking_curb，否则→hard_curb
132728311_1775303465400000,curb_like,hard_curb,请核对：路边车位开口→parking_curb，否则→hard_curb
132728311_1775303469500000,curb_like,hard_curb,请核对：路边车位开口→parking_curb，否则→hard_curb
132728311_1775303470800000,curb_like,hard_curb,请核对：路边车位开口→parking_curb，否则→hard_curb
132728311_1775303472100000,curb_like,hard_curb,请核对：路边车位开口→parking_curb，否则→hard_curb
132728311_1775303475000000,curb_like,hard_curb,请核对：路边车位开口→parking_curb，否则→hard_curb
132728311_1775303480300000,curb_like,hard_curb,请核对：路边车位开口→parking_curb，否则→hard_curb
132750714_1775371979400000,curb_like,hard_curb,请核对：路边车位开口→parking_curb，否则→hard_curb
132822799_1775387696500000,curb_like,hard_curb,请核对：路边车位开口→parking_curb，否则→hard_curb
132839453_1775371370800000,curb_like,hard_curb,请核对：路边车位开口→parking_curb，否则→hard_curb
132848171_1775375008300000,curb_like,hard_curb,请核对：路边车位开口→parking_curb，否则→hard_curb
132848221_1775375860500000,curb_like,hard_curb,请核对：路边车位开口→parking_curb，否则→hard_curb
132848276_1775375860500000,curb_like,hard_curb,请核对：路边车位开口→parking_curb，否则→hard_curb
132853477_1775391555700000,curb_like,hard_curb,请核对：路边车位开口→parking_curb，否则→hard_curb
132896555_1775398991900000,curb_like,hard_curb,请核对：路边车位开口→parking_curb，否则→hard_curb
132923702_1775372840800000,curb_like,hard_curb,请核对：路边车位开口→parking_curb，否则→hard_curb
133038879_1775444591900000,curb_like,hard_curb,请核对：路边车位开口→parking_curb，否则→hard_curb
133200498_1775458898900000,curb_like,hard_curb,请核对：路边车位开口→parking_curb，否则→hard_curb
133231600_1775461359200000,curb_like,hard_curb,请核对：路边车位开口→parking_curb，否则→hard_curb
133252645_1775355109400000,curb_like,hard_curb,请核对：路边车位开口→parking_curb，否则→hard_curb
133269579_1775356438700000,curb_like,hard_curb,请核对：路边车位开口→parking_curb，否则→hard_curb
133355109_1775456421200000,curb_like,hard_curb,请核对：路边车位开口→parking_curb，否则→hard_curb
133444756_1775482206100000,curb_like,hard_curb,请核对：路边车位开口→parking_curb，否则→hard_curb
133708727_1775543015600000,curb_like,hard_curb,请核对：路边车位开口→parking_curb，否则→hard_curb
133708727_1775543022000000,curb_like,hard_curb,请核对：路边车位开口→parking_curb，否则→hard_curb
133802683_1775553964400000,curb_like,hard_curb,请核对：路边车位开口→parking_curb，否则→hard_curb
133808291_1641001278400000,curb_like,hard_curb,请核对：路边车位开口→parking_curb，否则→hard_curb
134082056_1775548362300000,curb_like,hard_curb,请核对：路边车位开口→parking_curb，否则→hard_curb
134099156_1775542076300000,curb_like,hard_curb,请核对：路边车位开口→parking_curb，否则→hard_curb
134099156_1775542077000000,curb_like,hard_curb,请核对：路边车位开口→parking_curb，否则→hard_curb
134099157_1775542076300000,curb_like,hard_curb,请核对：路边车位开口→parking_curb，否则→hard_curb
134099157_1775542077000000,curb_like,hard_curb,请核对：路边车位开口→parking_curb，否则→hard_curb
134099157_1775542088900000,curb_like,hard_curb,请核对：路边车位开口→parking_curb，否则→hard_curb
134099157_1775542091000000,curb_like,hard_curb,请核对：路边车位开口→parking_curb，否则→hard_curb
134099157_1775542094500000,curb_like,hard_curb,请核对：路边车位开口→parking_curb，否则→hard_curb
134099157_1775542104700000,curb_like,hard_curb,请核对：路边车位开口→parking_curb，否则→hard_curb
134099158_1775542271700000,curb_like,hard_curb,请核对：路边车位开口→parking_curb，否则→hard_curb
134099158_1775542272500000,curb_like,hard_curb,请核对：路边车位开口→parking_curb，否则→hard_curb
134099158_1775542273000000,curb_like,hard_curb,请核对：路边车位开口→parking_curb，否则→hard_curb
134169223_1775630496300000,curb_like,hard_curb,请核对：路边车位开口→parking_curb，否则→hard_curb
134258084_1775641603300000,curb_like,hard_curb,请核对：路边车位开口→parking_curb，否则→hard_curb
134383795_1641001230700000,curb_like,hard_curb,请核对：路边车位开口→parking_curb，否则→hard_curb
134383795_1641001240400000,curb_like,hard_curb,请核对：路边车位开口→parking_curb，否则→hard_curb
134668090_1775723914000000,curb_like,hard_curb,请核对：路边车位开口→parking_curb，否则→hard_curb
134687377_1775726000700000,curb_like,hard_curb,请核对：路边车位开口→parking_curb，否则→hard_curb
134688986_1775726127100000,curb_like,hard_curb,请核对：路边车位开口→parking_curb，否则→hard_curb
135089178_1775804838300000,curb_like,hard_curb,请核对：路边车位开口→parking_curb，否则→hard_curb
135089178_1775804840100000,curb_like,hard_curb,请核对：路边车位开口→parking_curb，否则→hard_curb
135089178_1775804842800000,curb_like,hard_curb,请核对：路边车位开口→parking_curb，否则→hard_curb
135119470_1775807831500000,curb_like,hard_curb,请核对：路边车位开口→parking_curb，否则→hard_curb
135393813_1775788871700000,curb_like,hard_curb,请核对：路边车位开口→parking_curb，否则→hard_curb
135511488_1775882030400000,curb_like,hard_curb,请核对：路边车位开口→parking_curb，否则→hard_curb
135778109_1775910894900000,curb_like,hard_curb,请核对：路边车位开口→parking_curb，否则→hard_curb
135786055_1775887342200000,curb_like,hard_curb,请核对：路边车位开口→parking_curb，否则→hard_curb
136396228_1776046580300000,curb_like,hard_curb,请核对：路边车位开口→parking_curb，否则→hard_curb
136400770_1776047122300000,curb_like,hard_curb,请核对：路边车位开口→parking_curb，否则→hard_curb
136480053_1776057563300000,curb_like,hard_curb,请核对：路边车位开口→parking_curb，否则→hard_curb
136480053_1776057566500000,curb_like,hard_curb,请核对：路边车位开口→parking_curb，否则→hard_curb
136538105_1776063939000000,curb_like,hard_curb,请核对：路边车位开口→parking_curb，否则→hard_curb
136690308_1776080699200000,curb_like,hard_curb,请核对：路边车位开口→parking_curb，否则→hard_curb
136879570_1776135867700000,curb_like,hard_curb,请核对：路边车位开口→parking_curb，否则→hard_curb
136885702_1776085074100000,curb_like,hard_curb,请核对：路边车位开口→parking_curb，否则→hard_curb
136953179_1776145636800000,curb_like,hard_curb,请核对：路边车位开口→parking_curb，否则→hard_curb
136953179_1776145646900000,curb_like,hard_curb,请核对：路边车位开口→parking_curb，否则→hard_curb
136977274_1776148476900000,curb_like,hard_curb,请核对：路边车位开口→parking_curb，否则→hard_curb
136993924_1776150388000000,curb_like,hard_curb,请核对：路边车位开口→parking_curb，否则→hard_curb
136993924_1776150394500000,curb_like,hard_curb,请核对：路边车位开口→parking_curb，否则→hard_curb
136993924_1776150403100000,curb_like,hard_curb,请核对：路边车位开口→parking_curb，否则→hard_curb
136996794_1776150803100000,curb_like,hard_curb,请核对：路边车位开口→parking_curb，否则→hard_curb
137118531_1776151542800000,curb_like,hard_curb,请核对：路边车位开口→parking_curb，否则→hard_curb
137193188_1776163065900000,curb_like,hard_curb,请核对：路边车位开口→parking_curb，否则→hard_curb
137193206_1776162054200000,curb_like,hard_curb,请核对：路边车位开口→parking_curb，否则→hard_curb
137193206_1776162056500000,curb_like,hard_curb,请核对：路边车位开口→parking_curb，否则→hard_curb
137193210_1776173150800000,curb_like,hard_curb,请核对：路边车位开口→parking_curb，否则→hard_curb
137193214_1776171186200000,curb_like,hard_curb,请核对：路边车位开口→parking_curb，否则→hard_curb
137193276_1776164489900000,curb_like,hard_curb,请核对：路边车位开口→parking_curb，否则→hard_curb
137305399_1776218212500000,curb_like,hard_curb,请核对：路边车位开口→parking_curb，否则→hard_curb
137315317_1776219466900000,curb_like,hard_curb,请核对：路边车位开口→parking_curb，否则→hard_curb
137317590_1776219791900000,curb_like,hard_curb,请核对：路边车位开口→parking_curb，否则→hard_curb
137317590_1776219807200000,curb_like,hard_curb,请核对：路边车位开口→parking_curb，否则→hard_curb
137436492_1776234806800000,curb_like,hard_curb,请核对：路边车位开口→parking_curb，否则→hard_curb
137491908_1776241006300000,curb_like,hard_curb,请核对：路边车位开口→parking_curb，否则→hard_curb
137627052_1776256876700000,curb_like,hard_curb,请核对：路边车位开口→parking_curb，否则→hard_curb
137627052_1776256879300000,curb_like,hard_curb,请核对：路边车位开口→parking_curb，否则→hard_curb
137634779_1776258216100000,curb_like,hard_curb,请核对：路边车位开口→parking_curb，否则→hard_curb
137924186_1776323195100000,curb_like,hard_curb,请核对：路边车位开口→parking_curb，否则→hard_curb
137924945_1776323255200000,curb_like,hard_curb,请核对：路边车位开口→parking_curb，否则→hard_curb
137929672_1776323748000000,curb_like,hard_curb,请核对：路边车位开口→parking_curb，否则→hard_curb
137931235_1776323930800000,curb_like,hard_curb,请核对：路边车位开口→parking_curb，否则→hard_curb
137991969_1776330026300000,curb_like,hard_curb,请核对：路边车位开口→parking_curb，否则→hard_curb
137992054_1776330087400000,curb_like,hard_curb,请核对：路边车位开口→parking_curb，否则→hard_curb
137993194_1776330142600000,curb_like,hard_curb,请核对：路边车位开口→parking_curb，否则→hard_curb
138026315_1776333020000000,curb_like,hard_curb,请核对：路边车位开口→parking_curb，否则→hard_curb
138264064_1776391234400000,curb_like,hard_curb,请核对：路边车位开口→parking_curb，否则→hard_curb
138264064_1776391234800000,curb_like,hard_curb,请核对：路边车位开口→parking_curb，否则→hard_curb
138264064_1776391235200000,curb_like,hard_curb,请核对：路边车位开口→parking_curb，否则→hard_curb
138419637_1776408504600000,curb_like,hard_curb,请核对：路边车位开口→parking_curb，否则→hard_curb
138419637_1776408510400000,curb_like,hard_curb,请核对：路边车位开口→parking_curb，否则→hard_curb
138419637_1776408516700000,curb_like,hard_curb,请核对：路边车位开口→parking_curb，否则→hard_curb
138424745_1776409021200000,curb_like,hard_curb,请核对：路边车位开口→parking_curb，否则→hard_curb
138424745_1776409022600000,curb_like,hard_curb,请核对：路边车位开口→parking_curb，否则→hard_curb
138424745_1776409024400000,curb_like,hard_curb,请核对：路边车位开口→parking_curb，否则→hard_curb
138444263_1776410846000000,curb_like,hard_curb,请核对：路边车位开口→parking_curb，否则→hard_curb
138568150_1776420955400000,curb_like,hard_curb,请核对：路边车位开口→parking_curb，否则→hard_curb
138683984_1776397798200000,curb_like,hard_curb,请核对：路边车位开口→parking_curb，否则→hard_curb
139125949_1776478835500000,curb_like,hard_curb,请核对：路边车位开口→parking_curb，否则→hard_curb
139129405_1776478950700000,curb_like,hard_curb,请核对：路边车位开口→parking_curb，否则→hard_curb
139451019_1776579435900000,curb_like,hard_curb,请核对：路边车位开口→parking_curb，否则→hard_curb
139453011_1776579670200000,curb_like,hard_curb,请核对：路边车位开口→parking_curb，否则→hard_curb
139453340_1776579670200000,curb_like,hard_curb,请核对：路边车位开口→parking_curb，否则→hard_curb
139453340_1776579692500000,curb_like,hard_curb,请核对：路边车位开口→parking_curb，否则→hard_curb
139825648_1776650432900000,curb_like,hard_curb,请核对：路边车位开口→parking_curb，否则→hard_curb
139835090_1776651238000000,curb_like,hard_curb,请核对：路边车位开口→parking_curb，否则→hard_curb
139847799_1776652935300000,curb_like,hard_curb,请核对：路边车位开口→parking_curb，否则→hard_curb
139860955_1776654505400000,curb_like,hard_curb,请核对：路边车位开口→parking_curb，否则→hard_curb
139974593_1776667415200000,curb_like,hard_curb,请核对：路边车位开口→parking_curb，否则→hard_curb
139974593_1776667419000000,curb_like,hard_curb,请核对：路边车位开口→parking_curb，否则→hard_curb
139983357_1776668365000000,curb_like,hard_curb,请核对：路边车位开口→parking_curb，否则→hard_curb
139993694_1776669457200000,curb_like,hard_curb,请核对：路边车位开口→parking_curb，否则→hard_curb
140002208_1776670409300000,curb_like,hard_curb,请核对：路边车位开口→parking_curb，否则→hard_curb
140004167_1776670556500000,curb_like,hard_curb,请核对：路边车位开口→parking_curb，否则→hard_curb
140027696_1776672967200000,curb_like,hard_curb,请核对：路边车位开口→parking_curb，否则→hard_curb
140032734_1776673576300000,curb_like,hard_curb,请核对：路边车位开口→parking_curb，否则→hard_curb
140034608_1776673768300000,curb_like,hard_curb,请核对：路边车位开口→parking_curb，否则→hard_curb
140346203_1776740071200000,curb_like,hard_curb,请核对：路边车位开口→parking_curb，否则→hard_curb
140351625_1776740790700000,curb_like,hard_curb,请核对：路边车位开口→parking_curb，否则→hard_curb
140644969_1776750884600000,curb_like,hard_curb,请核对：路边车位开口→parking_curb，否则→hard_curb
140646959_1776742162500000,curb_like,hard_curb,请核对：路边车位开口→parking_curb，否则→hard_curb
140820881_1776824699800000,curb_like,hard_curb,请核对：路边车位开口→parking_curb，否则→hard_curb
140846613_1776827941500000,curb_like,hard_curb,请核对：路边车位开口→parking_curb，否则→hard_curb
140847532_1776828044500000,curb_like,hard_curb,请核对：路边车位开口→parking_curb，否则→hard_curb
140977130_1776843130600000,curb_like,hard_curb,请核对：路边车位开口→parking_curb，否则→hard_curb
141004032_1776845941900000,curb_like,hard_curb,请核对：路边车位开口→parking_curb，否则→hard_curb
141006368_1776846224300000,curb_like,hard_curb,请核对：路边车位开口→parking_curb，否则→hard_curb
141111237_1776856147500000,curb_like,hard_curb,请核对：路边车位开口→parking_curb，否则→hard_curb
141546605_1776923986700000,curb_like,hard_curb,请核对：路边车位开口→parking_curb，否则→hard_curb
141546701_1776931490800000,curb_like,hard_curb,请核对：路边车位开口→parking_curb，否则→hard_curb
141807505_1776997291000000,curb_like,hard_curb,请核对：路边车位开口→parking_curb，否则→hard_curb
141816982_1776998371500000,curb_like,hard_curb,请核对：路边车位开口→parking_curb，否则→hard_curb
141820794_1776998822700000,curb_like,hard_curb,请核对：路边车位开口→parking_curb，否则→hard_curb
141840857_1777001089800000,curb_like,hard_curb,请核对：路边车位开口→parking_curb，否则→hard_curb
141951353_1777013752000000,curb_like,hard_curb,请核对：路边车位开口→parking_curb，否则→hard_curb
141951683_1777013689900000,curb_like,hard_curb,请核对：路边车位开口→parking_curb，否则→hard_curb
141951683_1777013694200000,curb_like,hard_curb,请核对：路边车位开口→parking_curb，否则→hard_curb
141964819_1777015147400000,curb_like,hard_curb,请核对：路边车位开口→parking_curb，否则→hard_curb
141964819_1777015148200000,curb_like,hard_curb,请核对：路边车位开口→parking_curb，否则→hard_curb
142059996_1777017083900000,curb_like,hard_curb,请核对：路边车位开口→parking_curb，否则→hard_curb
142442182_1777096005900000,curb_like,hard_curb,请核对：路边车位开口→parking_curb，否则→hard_curb
142479215_1777099459800000,curb_like,hard_curb,请核对：路边车位开口→parking_curb，否则→hard_curb
142582493_1777103450100000,curb_like,hard_curb,请核对：路边车位开口→parking_curb，否则→hard_curb
142705621_1777030498400000,curb_like,hard_curb,请核对：路边车位开口→parking_curb，否则→hard_curb
142723871_1777083860900000,curb_like,hard_curb,请核对：路边车位开口→parking_curb，否则→hard_curb
142723916_1777084039300000,curb_like,hard_curb,请核对：路边车位开口→parking_curb，否则→hard_curb
143212599_1777113206200000,curb_like,hard_curb,请核对：路边车位开口→parking_curb，否则→hard_curb
143213419_1777188291900000,curb_like,hard_curb,请核对：路边车位开口→parking_curb，否则→hard_curb
143505837_1777276769600000,curb_like,hard_curb,请核对：路边车位开口→parking_curb，否则→hard_curb
143513047_1777277511900000,curb_like,hard_curb,请核对：路边车位开口→parking_curb，否则→hard_curb
143515117_1777277701700000,curb_like,hard_curb,请核对：路边车位开口→parking_curb，否则→hard_curb
143614079_1777287165400000,curb_like,hard_curb,请核对：路边车位开口→parking_curb，否则→hard_curb
143687099_1777300345500000,curb_like,hard_curb,请核对：路边车位开口→parking_curb，否则→hard_curb
143693726_1777302716600000,curb_like,hard_curb,请核对：路边车位开口→parking_curb，否则→hard_curb
143693930_1777302847900000,curb_like,hard_curb,请核对：路边车位开口→parking_curb，否则→hard_curb
143693930_1777302863300000,curb_like,hard_curb,请核对：路边车位开口→parking_curb，否则→hard_curb
143694038_1777302863300000,curb_like,hard_curb,请核对：路边车位开口→parking_curb，否则→hard_curb
143694038_1777302885700000,curb_like,hard_curb,请核对：路边车位开口→parking_curb，否则→hard_curb
143696488_1777304020800000,curb_like,hard_curb,请核对：路边车位开口→parking_curb，否则→hard_curb
143696489_1777304020800000,curb_like,hard_curb,请核对：路边车位开口→parking_curb，否则→hard_curb
143697939_1777217693100000,curb_like,hard_curb,请核对：路边车位开口→parking_curb，否则→hard_curb
143697939_1777217695600000,curb_like,hard_curb,请核对：路边车位开口→parking_curb，否则→hard_curb
143904487_1777293321900000,curb_like,hard_curb,请核对：路边车位开口→parking_curb，否则→hard_curb
144037385_1777368003600000,curb_like,hard_curb,请核对：路边车位开口→parking_curb，否则→hard_curb
144049328_1777368987600000,curb_like,hard_curb,请核对：路边车位开口→parking_curb，否则→hard_curb
144074384_1777341904000000,curb_like,hard_curb,请核对：路边车位开口→parking_curb，否则→hard_curb
144074384_1777341905900000,curb_like,hard_curb,请核对：路边车位开口→parking_curb，否则→hard_curb
144074384_1777341910300000,curb_like,hard_curb,请核对：路边车位开口→parking_curb，否则→hard_curb
144449688_1777444814800000,curb_like,hard_curb,请核对：路边车位开口→parking_curb，否则→hard_curb
144449694_1777444814800000,curb_like,hard_curb,请核对：路边车位开口→parking_curb，否则→hard_curb
144466197_1777446633000000,curb_like,hard_curb,请核对：路边车位开口→parking_curb，否则→hard_curb
144953374_1777472316000000,curb_like,hard_curb,请核对：路边车位开口→parking_curb，否则→hard_curb
144957335_1777466481300000,curb_like,hard_curb,请核对：路边车位开口→parking_curb，否则→hard_curb
145138399_1777529946300000,curb_like,hard_curb,请核对：路边车位开口→parking_curb，否则→hard_curb
145138404_1777529733800000,curb_like,hard_curb,请核对：路边车位开口→parking_curb，否则→hard_curb
145138415_1777529842500000,curb_like,hard_curb,请核对：路边车位开口→parking_curb，否则→hard_curb
126583301_1774319765500000,curb_like,hard_curb,请核对：路边车位开口→parking_curb，否则→hard_curb
126583301_1774319777200000,curb_like,hard_curb,请核对：路边车位开口→parking_curb，否则→hard_curb
127538425_1774508488600000,curb_like,hard_curb,请核对：路边车位开口→parking_curb，否则→hard_curb
127538425_1774508492200000,curb_like,hard_curb,请核对：路边车位开口→parking_curb，否则→hard_curb
127538759_1774508541300000,curb_like,hard_curb,请核对：路边车位开口→parking_curb，否则→hard_curb
127869708_1774581136400000,curb_like,hard_curb,请核对：路边车位开口→parking_curb，否则→hard_curb
129531316_1774873162400000,curb_like,hard_curb,请核对：路边车位开口→parking_curb，否则→hard_curb
130737471_1775101317400000,curb_like,hard_curb,请核对：路边车位开口→parking_curb，否则→hard_curb
130738009_1775101386600000,curb_like,hard_curb,请核对：路边车位开口→parking_curb，否则→hard_curb
133719757_1775544548700000,curb_like,hard_curb,请核对：路边车位开口→parking_curb，否则→hard_curb
135032005_1775798476500000,curb_like,hard_curb,请核对：路边车位开口→parking_curb，否则→hard_curb
135032362_1775798545700000,curb_like,hard_curb,请核对：路边车位开口→parking_curb，否则→hard_curb
136953171_1776145636800000,curb_like,hard_curb,请核对：路边车位开口→parking_curb，否则→hard_curb
136953171_1776145646900000,curb_like,hard_curb,请核对：路边车位开口→parking_curb，否则→hard_curb
139009480_1776498616500000,curb_like,hard_curb,请核对：路边车位开口→parking_curb，否则→hard_curb
139441788_1776578602000000,curb_like,hard_curb,请核对：路边车位开口→parking_curb，否则→hard_curb
139567090_1776589832100000,curb_like,hard_curb,请核对：路边车位开口→parking_curb，否则→hard_curb
139567090_1776589836200000,curb_like,hard_curb,请核对：路边车位开口→parking_curb，否则→hard_curb
139568711_1776590024000000,curb_like,hard_curb,请核对：路边车位开口→parking_curb，否则→hard_curb
139995643_1776669743900000,curb_like,hard_curb,请核对：路边车位开口→parking_curb，否则→hard_curb
140030139_1776673279400000,curb_like,hard_curb,请核对：路边车位开口→parking_curb，否则→hard_curb
140157614_1776685800800000,curb_like,hard_curb,请核对：路边车位开口→parking_curb，否则→hard_curb
140461891_1776754525600000,curb_like,hard_curb,请核对：路边车位开口→parking_curb，否则→hard_curb
140598745_1776768079400000,curb_like,hard_curb,请核对：路边车位开口→parking_curb，否则→hard_curb
141006101_1776846171800000,curb_like,hard_curb,请核对：路边车位开口→parking_curb，否则→hard_curb
141062599_1776851350000000,curb_like,hard_curb,请核对：路边车位开口→parking_curb，否则→hard_curb
141062599_1776851358800000,curb_like,hard_curb,请核对：路边车位开口→parking_curb，否则→hard_curb
141067172_1776851732300000,curb_like,hard_curb,请核对：路边车位开口→parking_curb，否则→hard_curb
141153948_1776862644500000,curb_like,hard_curb,请核对：路边车位开口→parking_curb，否则→hard_curb
141394254_1776919823300000,curb_like,hard_curb,请核对：路边车位开口→parking_curb，否则→hard_curb
145618476_1777554632400000,curb_like,hard_curb,请核对：路边车位开口→parking_curb，否则→hard_curb
145618805_1777553414600000,curb_like,hard_curb,请核对：路边车位开口→parking_curb，否则→hard_curb
145931430_1777617849400000,curb_like,hard_curb,请核对：路边车位开口→parking_curb，否则→hard_curb
146067167_1777623048800000,curb_like,hard_curb,请核对：路边车位开口→parking_curb，否则→hard_curb
146067239_1777620029200000,curb_like,hard_curb,请核对：路边车位开口→parking_curb，否则→hard_curb
146067241_1777620689600000,curb_like,hard_curb,请核对：路边车位开口→parking_curb，否则→hard_curb
146112427_1777621001400000,curb_like,hard_curb,请核对：路边车位开口→parking_curb，否则→hard_curb
146112427_1777621005700000,curb_like,hard_curb,请核对：路边车位开口→parking_curb，否则→hard_curb
146115919_1777624027100000,curb_like,hard_curb,请核对：路边车位开口→parking_curb，否则→hard_curb
146115919_1777624029600000,curb_like,hard_curb,请核对：路边车位开口→parking_curb，否则→hard_curb
146115919_1777624031900000,curb_like,hard_curb,请核对：路边车位开口→parking_curb，否则→hard_curb
146119049_1777617577700000,curb_like,hard_curb,请核对：路边车位开口→parking_curb，否则→hard_curb
146198989_1777635955600000,curb_like,hard_curb,请核对：路边车位开口→parking_curb，否则→hard_curb
146198989_1777635968300000,curb_like,hard_curb,请核对：路边车位开口→parking_curb，否则→hard_curb
146199910_1777636085500000,curb_like,hard_curb,请核对：路边车位开口→parking_curb，否则→hard_curb
146199910_1777636087500000,curb_like,hard_curb,请核对：路边车位开口→parking_curb，否则→hard_curb
146199910_1777636089200000,curb_like,hard_curb,请核对：路边车位开口→parking_curb，否则→hard_curb
146201939_1777636371700000,curb_like,hard_curb,请核对：路边车位开口→parking_curb，否则→hard_curb
146201961_1777636371700000,curb_like,hard_curb,请核对：路边车位开口→parking_curb，否则→hard_curb
146204335_1777636398600000,curb_like,hard_curb,请核对：路边车位开口→parking_curb，否则→hard_curb
146205326_1777636624600000,curb_like,hard_curb,请核对：路边车位开口→parking_curb，否则→hard_curb
146205729_1777636559900000,curb_like,hard_curb,请核对：路边车位开口→parking_curb，否则→hard_curb
146205729_1777636566800000,curb_like,hard_curb,请核对：路边车位开口→parking_curb，否则→hard_curb
146207471_1777636853400000,curb_like,hard_curb,请核对：路边车位开口→parking_curb，否则→hard_curb
146216972_1777637912900000,curb_like,hard_curb,请核对：路边车位开口→parking_curb，否则→hard_curb
146300603_1777605282600000,curb_like,hard_curb,请核对：路边车位开口→parking_curb，否则→hard_curb
146300610_1777604672700000,curb_like,hard_curb,请核对：路边车位开口→parking_curb，否则→hard_curb
146300624_1777603080400000,curb_like,hard_curb,请核对：路边车位开口→parking_curb，否则→hard_curb
146300624_1777603084400000,curb_like,hard_curb,请核对：路边车位开口→parking_curb，否则→hard_curb
146300637_1777604890000000,curb_like,hard_curb,请核对：路边车位开口→parking_curb，否则→hard_curb
146300637_1777604900600000,curb_like,hard_curb,请核对：路边车位开口→parking_curb，否则→hard_curb
146407284_1777686888800000,curb_like,hard_curb,请核对：路边车位开口→parking_curb，否则→hard_curb
146407284_1777686890400000,curb_like,hard_curb,请核对：路边车位开口→parking_curb，否则→hard_curb
146407284_1777686891500000,curb_like,hard_curb,请核对：路边车位开口→parking_curb，否则→hard_curb
146489270_1777644965700000,curb_like,hard_curb,请核对：路边车位开口→parking_curb，否则→hard_curb
146489328_1777645038800000,curb_like,hard_curb,请核对：路边车位开口→parking_curb，否则→hard_curb
146703289_1777707328800000,curb_like,hard_curb,请核对：路边车位开口→parking_curb，否则→hard_curb
146703289_1777707330900000,curb_like,hard_curb,请核对：路边车位开口→parking_curb，否则→hard_curb
146703289_1777707333300000,curb_like,hard_curb,请核对：路边车位开口→parking_curb，否则→hard_curb
146711617_1777707972500000,curb_like,hard_curb,请核对：路边车位开口→parking_curb，否则→hard_curb
146916964_1777723825100000,curb_like,hard_curb,请核对：路边车位开口→parking_curb，否则→hard_curb
146950964_1777727702200000,curb_like,hard_curb,请核对：路边车位开口→parking_curb，否则→hard_curb
146961560_1777729153800000,curb_like,hard_curb,请核对：路边车位开口→parking_curb，否则→hard_curb
147014704_1777708210600000,curb_like,hard_curb,请核对：路边车位开口→parking_curb，否则→hard_curb
147556091_1777789333100000,curb_like,hard_curb,请核对：路边车位开口→parking_curb，否则→hard_curb
147556099_1777789720900000,curb_like,hard_curb,请核对：路边车位开口→parking_curb，否则→hard_curb
147556112_1777788171400000,curb_like,hard_curb,请核对：路边车位开口→parking_curb，否则→hard_curb
147601413_1777807899400000,curb_like,hard_curb,请核对：路边车位开口→parking_curb，否则→hard_curb
147601413_1777807904900000,curb_like,hard_curb,请核对：路边车位开口→parking_curb，否则→hard_curb
147608029_1777808521100000,curb_like,hard_curb,请核对：路边车位开口→parking_curb，否则→hard_curb
147623964_1777810079400000,curb_like,hard_curb,请核对：路边车位开口→parking_curb，否则→hard_curb
147623964_1777810082700000,curb_like,hard_curb,请核对：路边车位开口→parking_curb，否则→hard_curb
147630438_1777810692900000,curb_like,hard_curb,请核对：路边车位开口→parking_curb，否则→hard_curb
147630438_1777810708200000,curb_like,hard_curb,请核对：路边车位开口→parking_curb，否则→hard_curb
147642774_1777812006700000,curb_like,hard_curb,请核对：路边车位开口→parking_curb，否则→hard_curb
147645254_1777812248800000,curb_like,hard_curb,请核对：路边车位开口→parking_curb，否则→hard_curb
147692909_1777818954000000,curb_like,hard_curb,请核对：路边车位开口→parking_curb，否则→hard_curb
147699764_1777820539300000,curb_like,hard_curb,请核对：路边车位开口→parking_curb，否则→hard_curb
147699764_1777820553800000,curb_like,hard_curb,请核对：路边车位开口→parking_curb，否则→hard_curb
147731507_1777778234900000,curb_like,hard_curb,请核对：路边车位开口→parking_curb，否则→hard_curb
147731517_1777778148500000,curb_like,hard_curb,请核对：路边车位开口→parking_curb，否则→hard_curb
147731527_1777778298600000,curb_like,hard_curb,请核对：路边车位开口→parking_curb，否则→hard_curb
147731529_1777778298600000,curb_like,hard_curb,请核对：路边车位开口→parking_curb，否则→hard_curb
147731535_1777779340400000,curb_like,hard_curb,请核对：路边车位开口→parking_curb，否则→hard_curb
147731552_1777779423200000,curb_like,hard_curb,请核对：路边车位开口→parking_curb，否则→hard_curb
147815694_1777808420400000,curb_like,hard_curb,请核对：路边车位开口→parking_curb，否则→hard_curb
147817002_1777807239400000,curb_like,hard_curb,请核对：路边车位开口→parking_curb，否则→hard_curb
148063190_1777878639900000,curb_like,hard_curb,请核对：路边车位开口→parking_curb，否则→hard_curb
148063190_1777878641700000,curb_like,hard_curb,请核对：路边车位开口→parking_curb，否则→hard_curb
148063190_1777878643200000,curb_like,hard_curb,请核对：路边车位开口→parking_curb，否则→hard_curb
148068920_1777879053700000,curb_like,hard_curb,请核对：路边车位开口→parking_curb，否则→hard_curb
148074756_1777879499400000,curb_like,hard_curb,请核对：路边车位开口→parking_curb，否则→hard_curb
148074756_1777879506600000,curb_like,hard_curb,请核对：路边车位开口→parking_curb，否则→hard_curb
148077016_1777879705700000,curb_like,hard_curb,请核对：路边车位开口→parking_curb，否则→hard_curb
148120439_1777882436400000,curb_like,hard_curb,请核对：路边车位开口→parking_curb，否则→hard_curb
148127292_1777883032300000,curb_like,hard_curb,请核对：路边车位开口→parking_curb，否则→hard_curb
148132491_1777883445000000,curb_like,hard_curb,请核对：路边车位开口→parking_curb，否则→hard_curb
148142750_1777884254500000,curb_like,hard_curb,请核对：路边车位开口→parking_curb，否则→hard_curb
148202356_1777859829200000,curb_like,hard_curb,请核对：路边车位开口→parking_curb，否则→hard_curb
148211153_1777884096600000,curb_like,hard_curb,请核对：路边车位开口→parking_curb，否则→hard_curb
148597542_1777904897900000,curb_like,hard_curb,请核对：路边车位开口→parking_curb，否则→hard_curb
149006715_1777962260700000,curb_like,hard_curb,请核对：路边车位开口→parking_curb，否则→hard_curb
149006715_1777962263500000,curb_like,hard_curb,请核对：路边车位开口→parking_curb，否则→hard_curb
149008180_1641011982900000,curb_like,hard_curb,请核对：路边车位开口→parking_curb，否则→hard_curb
149010619_1640998800300000,curb_like,hard_curb,请核对：路边车位开口→parking_curb，否则→hard_curb
149235256_1778046120000000,curb_like,hard_curb,请核对：路边车位开口→parking_curb，否则→hard_curb
149257032_1778048651600000,curb_like,hard_curb,请核对：路边车位开口→parking_curb，否则→hard_curb
149265674_1778049533100000,curb_like,hard_curb,请核对：路边车位开口→parking_curb，否则→hard_curb
149265674_1778049538000000,curb_like,hard_curb,请核对：路边车位开口→parking_curb，否则→hard_curb
149265674_1778049540000000,curb_like,hard_curb,请核对：路边车位开口→parking_curb，否则→hard_curb
149265825_1778049535000000,curb_like,hard_curb,请核对：路边车位开口→parking_curb，否则→hard_curb
149267595_1778049735400000,curb_like,hard_curb,请核对：路边车位开口→parking_curb，否则→hard_curb
149269909_1778049622900000,curb_like,hard_curb,请核对：路边车位开口→parking_curb，否则→hard_curb
149271664_1778050027400000,curb_like,hard_curb,请核对：路边车位开口→parking_curb，否则→hard_curb
149271664_1778050033000000,curb_like,hard_curb,请核对：路边车位开口→parking_curb，否则→hard_curb
149386271_1778053663100000,curb_like,hard_curb,请核对：路边车位开口→parking_curb，否则→hard_curb
149386278_1778054415900000,curb_like,hard_curb,请核对：路边车位开口→parking_curb，否则→hard_curb
149728938_1778131445000000,curb_like,hard_curb,请核对：路边车位开口→parking_curb，否则→hard_curb
149728938_1778131457200000,curb_like,hard_curb,请核对：路边车位开口→parking_curb，否则→hard_curb
149755721_1778134323600000,curb_like,hard_curb,请核对：路边车位开口→parking_curb，否则→hard_curb
149883547_1778142812000000,curb_like,hard_curb,请核对：路边车位开口→parking_curb，否则→hard_curb
150035408_1778123064400000,curb_like,hard_curb,请核对：路边车位开口→parking_curb，否则→hard_curb
150118245_1778205455400000,curb_like,hard_curb,请核对：路边车位开口→parking_curb，否则→hard_curb
150339204_1778228495000000,curb_like,hard_curb,请核对：路边车位开口→parking_curb，否则→hard_curb
150435517_1778229734700000,curb_like,hard_curb,请核对：路边车位开口→parking_curb，否则→hard_curb
150435524_1778230098500000,curb_like,hard_curb,请核对：路边车位开口→parking_curb，否则→hard_curb
150435529_1778229782600000,curb_like,hard_curb,请核对：路边车位开口→parking_curb，否则→hard_curb
150435529_1778229785000000,curb_like,hard_curb,请核对：路边车位开口→parking_curb，否则→hard_curb
150435529_1778229786700000,curb_like,hard_curb,请核对：路边车位开口→parking_curb，否则→hard_curb
150435529_1778229787500000,curb_like,hard_curb,请核对：路边车位开口→parking_curb，否则→hard_curb
150435529_1778229788400000,curb_like,hard_curb,请核对：路边车位开口→parking_curb，否则→hard_curb
150435529_1778229789200000,curb_like,hard_curb,请核对：路边车位开口→parking_curb，否则→hard_curb
150435529_1778229789900000,curb_like,hard_curb,请核对：路边车位开口→parking_curb，否则→hard_curb
150692810_1778246930000000,curb_like,hard_curb,请核对：路边车位开口→parking_curb，否则→hard_curb
150692825_1778246796500000,curb_like,hard_curb,请核对：路边车位开口→parking_curb，否则→hard_curb
150692825_1778246806600000,curb_like,hard_curb,请核对：路边车位开口→parking_curb，否则→hard_curb
150692866_1778247204200000,curb_like,hard_curb,请核对：路边车位开口→parking_curb，否则→hard_curb
150774652_1778305884900000,curb_like,hard_curb,请核对：路边车位开口→parking_curb，否则→hard_curb
150774652_1778305894600000,curb_like,hard_curb,请核对：路边车位开口→parking_curb，否则→hard_curb
150785686_1641008165700000,curb_like,hard_curb,请核对：路边车位开口→parking_curb，否则→hard_curb
150785686_1641008167100000,curb_like,hard_curb,请核对：路边车位开口→parking_curb，否则→hard_curb
150826866_1778311196600000,curb_like,hard_curb,请核对：路边车位开口→parking_curb，否则→hard_curb
151708098_1778334120600000,curb_like,hard_curb,请核对：路边车位开口→parking_curb，否则→hard_curb
151724178_1778333605400000,curb_like,hard_curb,请核对：路边车位开口→parking_curb，否则→hard_curb
151874431_1778482790400000,curb_like,hard_curb,请核对：路边车位开口→parking_curb，否则→hard_curb
151878610_1778483118900000,curb_like,hard_curb,请核对：路边车位开口→parking_curb，否则→hard_curb
151878610_1778483149100000,curb_like,hard_curb,请核对：路边车位开口→parking_curb，否则→hard_curb
151894614_1778484313800000,curb_like,hard_curb,请核对：路边车位开口→parking_curb，否则→hard_curb
152260784_1778551203600000,curb_like,hard_curb,请核对：路边车位开口→parking_curb，否则→hard_curb
152307354_1778556062400000,curb_like,hard_curb,请核对：路边车位开口→parking_curb，否则→hard_curb
152307354_1778556064000000,curb_like,hard_curb,请核对：路边车位开口→parking_curb，否则→hard_curb
152399343_1778566528200000,curb_like,hard_curb,请核对：路边车位开口→parking_curb，否则→hard_curb
152399343_1778566529400000,curb_like,hard_curb,请核对：路边车位开口→parking_curb，否则→hard_curb
152399343_1778566531700000,curb_like,hard_curb,请核对：路边车位开口→parking_curb，否则→hard_curb
152399343_1778566532600000,curb_like,hard_curb,请核对：路边车位开口→parking_curb，否则→hard_curb
152411137_1778567932600000,curb_like,hard_curb,请核对：路边车位开口→parking_curb，否则→hard_curb
152452531_1778570427600000,curb_like,hard_curb,请核对：路边车位开口→parking_curb，否则→hard_curb
152452531_1778570428200000,curb_like,hard_curb,请核对：路边车位开口→parking_curb，否则→hard_curb
152475541_1778575581300000,curb_like,hard_curb,请核对：路边车位开口→parking_curb，否则→hard_curb
152944559_1778655526500000,curb_like,hard_curb,请核对：路边车位开口→parking_curb，否则→hard_curb
152944559_1778655532600000,curb_like,hard_curb,请核对：路边车位开口→parking_curb，否则→hard_curb
152944559_1778655534400000,curb_like,hard_curb,请核对：路边车位开口→parking_curb，否则→hard_curb
152949691_1778655892500000,curb_like,hard_curb,请核对：路边车位开口→parking_curb，否则→hard_curb
152949691_1778655901500000,curb_like,hard_curb,请核对：路边车位开口→parking_curb，否则→hard_curb
152949691_1778655906600000,curb_like,hard_curb,请核对：路边车位开口→parking_curb，否则→hard_curb
152949691_1778655910400000,curb_like,hard_curb,请核对：路边车位开口→parking_curb，否则→hard_curb
152949691_1778655912900000,curb_like,hard_curb,请核对：路边车位开口→parking_curb，否则→hard_curb
152949691_1778655916400000,curb_like,hard_curb,请核对：路边车位开口→parking_curb，否则→hard_curb
152949691_1778655919100000,curb_like,hard_curb,请核对：路边车位开口→parking_curb，否则→hard_curb
152983787_1778659882400000,curb_like,hard_curb,请核对：路边车位开口→parking_curb，否则→hard_curb
153307953_1778725254500000,curb_like,hard_curb,请核对：路边车位开口→parking_curb，否则→hard_curb
153476427_1778742407200000,curb_like,hard_curb,请核对：路边车位开口→parking_curb，否则→hard_curb
153476427_1778742424400000,curb_like,hard_curb,请核对：路边车位开口→parking_curb，否则→hard_curb
153487624_1778743568000000,curb_like,hard_curb,请核对：路边车位开口→parking_curb，否则→hard_curb
153488625_1778743670700000,curb_like,hard_curb,请核对：路边车位开口→parking_curb，否则→hard_curb
153520748_1778746668500000,curb_like,hard_curb,请核对：路边车位开口→parking_curb，否则→hard_curb
153525419_1778746783600000,curb_like,hard_curb,请核对：路边车位开口→parking_curb，否则→hard_curb
153527188_1778747280000000,curb_like,hard_curb,请核对：路边车位开口→parking_curb，否则→hard_curb
153529080_1778747367000000,curb_like,hard_curb,请核对：路边车位开口→parking_curb，否则→hard_curb
153615188_1778745068400000,curb_like,hard_curb,请核对：路边车位开口→parking_curb，否则→hard_curb
153653242_1641000061000000,curb_like,hard_curb,请核对：路边车位开口→parking_curb，否则→hard_curb
153653250_1640999542500000,curb_like,hard_curb,请核对：路边车位开口→parking_curb，否则→hard_curb
153653256_1641001265600000,curb_like,hard_curb,请核对：路边车位开口→parking_curb，否则→hard_curb
153653262_1641000061000000,curb_like,hard_curb,请核对：路边车位开口→parking_curb，否则→hard_curb
153653277_1640999909100000,curb_like,hard_curb,请核对：路边车位开口→parking_curb，否则→hard_curb
153653287_1641000156300000,curb_like,hard_curb,请核对：路边车位开口→parking_curb，否则→hard_curb
153653289_1641000601100000,curb_like,hard_curb,请核对：路边车位开口→parking_curb，否则→hard_curb
153663378_1778738358900000,curb_like,hard_curb,请核对：路边车位开口→parking_curb，否则→hard_curb
153663383_1778740424700000,curb_like,hard_curb,请核对：路边车位开口→parking_curb，否则→hard_curb
153663392_1778741170200000,curb_like,hard_curb,请核对：路边车位开口→parking_curb，否则→hard_curb
153669577_1778761441000000,curb_like,hard_curb,请核对：路边车位开口→parking_curb，否则→hard_curb
153685185_1778763836200000,curb_like,hard_curb,请核对：路边车位开口→parking_curb，否则→hard_curb
153696711_1641001364400000,curb_like,hard_curb,请核对：路边车位开口→parking_curb，否则→hard_curb
153696711_1641001374100000,curb_like,hard_curb,请核对：路边车位开口→parking_curb，否则→hard_curb
153698764_1641001754100000,curb_like,hard_curb,请核对：路边车位开口→parking_curb，否则→hard_curb
153808424_1778760251700000,curb_like,hard_curb,请核对：路边车位开口→parking_curb，否则→hard_curb
153949730_1778761646400000,curb_like,hard_curb,请核对：路边车位开口→parking_curb，否则→hard_curb
154046161_1778831931700000,curb_like,hard_curb,请核对：路边车位开口→parking_curb，否则→hard_curb
154421678_1778897927500000,curb_like,hard_curb,请核对：路边车位开口→parking_curb，否则→hard_curb
154450563_1778900902400000,curb_like,hard_curb,请核对：路边车位开口→parking_curb，否则→hard_curb
154460616_1778901586300000,curb_like,hard_curb,请核对：路边车位开口→parking_curb，否则→hard_curb
154766701_1778928722400000,curb_like,hard_curb,请核对：路边车位开口→parking_curb，否则→hard_curb
155137140_1779000735200000,curb_like,hard_curb,请核对：路边车位开口→parking_curb，否则→hard_curb
155221785_1779007918500000,curb_like,hard_curb,请核对：路边车位开口→parking_curb，否则→hard_curb
155221785_1779007924300000,curb_like,hard_curb,请核对：路边车位开口→parking_curb，否则→hard_curb
155234752_1779009136000000,curb_like,hard_curb,请核对：路边车位开口→parking_curb，否则→hard_curb
155251855_1778987255400000,curb_like,hard_curb,请核对：路边车位开口→parking_curb，否则→hard_curb
155255267_1779005305400000,curb_like,hard_curb,请核对：路边车位开口→parking_curb，否则→hard_curb
156141736_1779115063900000,curb_like,hard_curb,请核对：路边车位开口→parking_curb，否则→hard_curb
156213503_1779170184200000,curb_like,hard_curb,请核对：路边车位开口→parking_curb，否则→hard_curb
156263857_1779175369700000,curb_like,hard_curb,请核对：路边车位开口→parking_curb，否则→hard_curb
156282992_1779177358000000,curb_like,hard_curb,请核对：路边车位开口→parking_curb，否则→hard_curb
156321785_1779181286300000,curb_like,hard_curb,请核对：路边车位开口→parking_curb，否则→hard_curb
156412643_1779161367400000,curb_like,hard_curb,请核对：路边车位开口→parking_curb，否则→hard_curb
156432141_1779175675500000,curb_like,hard_curb,请核对：路边车位开口→parking_curb，否则→hard_curb
156432171_1779176790000000,curb_like,hard_curb,请核对：路边车位开口→parking_curb，否则→hard_curb
